N.data,n.segments,case,sum.splits,max.depth,max.segments
10,10,best.heuristic,25,4,10
10,10,best,25,4,10
10,10,worst,45,9,10
11,10,best.heuristic,29,4,10
11,10,best,29,4,10
11,10,worst,55,9,10
11,11,best.heuristic,29,4,N.data
11,11,best,29,4,N.data
11,11,worst,55,10,N.data
12,10,best.heuristic,32,4,10
12,10,best,32,4,10
12,10,worst,65,9,10
12,12,best.heuristic,33,4,N.data
12,12,best,33,4,N.data
12,12,worst,66,11,N.data
13,10,best.heuristic,35,4,10
13,10,best,35,4,10
13,10,worst,75,9,10
13,13,best.heuristic,37,4,N.data
13,13,best,37,4,N.data
13,13,worst,78,12,N.data
14,10,best.heuristic,39,4,10
14,10,best,38,4,10
14,10,worst,85,9,10
14,14,best.heuristic,41,4,N.data
14,14,best,41,4,N.data
14,14,worst,91,13,N.data
15,10,best.heuristic,43,4,10
15,10,best,40,5,10
15,10,worst,95,9,10
15,15,best.heuristic,45,4,N.data
15,15,best,45,4,N.data
15,15,worst,105,14,N.data
16,10,best.heuristic,45,4,10
16,10,best,42,5,10
16,10,worst,105,9,10
16,16,best.heuristic,49,4,N.data
16,16,best,49,4,N.data
16,16,worst,120,15,N.data
17,10,best.heuristic,48,4,10
17,10,best,44,5,10
17,10,worst,115,9,10
17,17,best.heuristic,54,5,N.data
17,17,best,54,5,N.data
17,17,worst,136,16,N.data
18,10,best.heuristic,46,5,10
18,10,best,46,5,10
18,10,worst,125,9,10
18,18,best.heuristic,59,5,N.data
18,18,best,59,5,N.data
18,18,worst,153,17,N.data
19,10,best.heuristic,48,5,10
19,10,best,48,5,10
19,10,worst,135,9,10
19,19,best.heuristic,64,5,N.data
19,19,best,64,5,N.data
19,19,worst,171,18,N.data
20,10,best.heuristic,53,5,10
20,10,best,50,5,10
20,10,worst,145,9,10
20,20,best.heuristic,69,5,N.data
20,20,best,69,5,N.data
20,20,worst,190,19,N.data
21,10,best.heuristic,55,5,10
21,10,best,52,5,10
21,10,worst,155,9,10
21,21,best.heuristic,74,5,N.data
21,21,best,74,5,N.data
21,21,worst,210,20,N.data
22,10,best.heuristic,59,5,10
22,10,best,54,5,10
22,10,worst,165,9,10
22,22,best.heuristic,79,5,N.data
22,22,best,79,5,N.data
22,22,worst,231,21,N.data
23,10,best.heuristic,61,5,10
23,10,best,56,5,10
23,10,worst,175,9,10
23,23,best.heuristic,84,5,N.data
23,23,best,84,5,N.data
23,23,worst,253,22,N.data
24,10,best.heuristic,66,5,10
24,10,best,58,5,10
24,10,worst,185,9,10
24,24,best.heuristic,89,5,N.data
24,24,best,89,5,N.data
24,24,worst,276,23,N.data
25,10,best.heuristic,68,5,10
25,10,best,60,5,10
25,10,worst,195,9,10
25,25,best.heuristic,94,5,N.data
25,25,best,94,5,N.data
25,25,worst,300,24,N.data
26,10,best.heuristic,72,5,10
26,10,best,62,5,10
26,10,worst,205,9,10
26,26,best.heuristic,99,5,N.data
26,26,best,99,5,N.data
26,26,worst,325,25,N.data
27,10,best.heuristic,74,5,10
27,10,best,64,5,10
27,10,worst,215,9,10
27,27,best.heuristic,104,5,N.data
27,27,best,104,5,N.data
27,27,worst,351,26,N.data
28,10,best.heuristic,78,5,10
28,10,best,66,5,10
28,10,worst,225,9,10
28,28,best.heuristic,109,5,N.data
28,28,best,109,5,N.data
28,28,worst,378,27,N.data
29,10,best.heuristic,80,5,10
29,10,best,68,5,10
29,10,worst,235,9,10
29,29,best.heuristic,114,5,N.data
29,29,best,114,5,N.data
29,29,worst,406,28,N.data
30,10,best.heuristic,84,5,10
30,10,best,70,5,10
30,10,worst,245,9,10
30,30,best.heuristic,119,5,N.data
30,30,best,119,5,N.data
30,30,worst,435,29,N.data
31,10,best.heuristic,86,5,10
31,10,best,72,5,10
31,10,worst,255,9,10
31,31,best.heuristic,124,5,N.data
31,31,best,124,5,N.data
31,31,worst,465,30,N.data
32,10,best.heuristic,85,5,10
32,10,best,74,5,10
32,10,worst,265,9,10
32,32,best.heuristic,129,5,N.data
32,32,best,129,5,N.data
32,32,worst,496,31,N.data
33,10,best.heuristic,87,5,10
33,10,best,76,5,10
33,10,worst,275,9,10
33,33,best.heuristic,135,6,N.data
33,33,best,135,6,N.data
33,33,worst,528,32,N.data
34,10,best.heuristic,90,5,10
34,10,best,78,5,10
34,10,worst,285,9,10
34,34,best.heuristic,141,6,N.data
34,34,best,141,6,N.data
34,34,worst,561,33,N.data
35,10,best.heuristic,92,5,10
35,10,best,80,5,10
35,10,worst,295,9,10
35,35,best.heuristic,147,6,N.data
35,35,best,147,6,N.data
35,35,worst,595,34,N.data
36,10,best.heuristic,98,5,10
36,10,best,82,5,10
36,10,worst,305,9,10
36,36,best.heuristic,153,6,N.data
36,36,best,153,6,N.data
36,36,worst,630,35,N.data
37,10,best.heuristic,100,5,10
37,10,best,84,5,10
37,10,worst,315,9,10
37,37,best.heuristic,159,6,N.data
37,37,best,159,6,N.data
37,37,worst,666,36,N.data
38,10,best.heuristic,103,5,10
38,10,best,86,5,10
38,10,worst,325,9,10
38,38,best.heuristic,165,6,N.data
38,38,best,165,6,N.data
38,38,worst,703,37,N.data
39,10,best.heuristic,105,5,10
39,10,best,88,5,10
39,10,worst,335,9,10
39,39,best.heuristic,171,6,N.data
39,39,best,171,6,N.data
39,39,worst,741,38,N.data
40,10,best.heuristic,110,6,10
40,10,best,90,5,10
40,10,worst,345,9,10
40,40,best.heuristic,177,6,N.data
40,40,best,177,6,N.data
40,40,worst,780,39,N.data
41,10,best.heuristic,112,6,10
41,10,best,92,5,10
41,10,worst,355,9,10
41,41,best.heuristic,183,6,N.data
41,41,best,183,6,N.data
41,41,worst,820,40,N.data
42,10,best.heuristic,115,6,10
42,10,best,94,5,10
42,10,worst,365,9,10
42,42,best.heuristic,189,6,N.data
42,42,best,189,6,N.data
42,42,worst,861,41,N.data
43,10,best.heuristic,117,6,10
43,10,best,96,5,10
43,10,worst,375,9,10
43,43,best.heuristic,195,6,N.data
43,43,best,195,6,N.data
43,43,worst,903,42,N.data
44,10,best.heuristic,123,6,10
44,10,best,98,5,10
44,10,worst,385,9,10
44,44,best.heuristic,201,6,N.data
44,44,best,201,6,N.data
44,44,worst,946,43,N.data
45,10,best.heuristic,125,6,10
45,10,best,100,5,10
45,10,worst,395,9,10
45,45,best.heuristic,207,6,N.data
45,45,best,207,6,N.data
45,45,worst,990,44,N.data
46,10,best.heuristic,128,6,10
46,10,best,102,5,10
46,10,worst,405,9,10
46,46,best.heuristic,213,6,N.data
46,46,best,213,6,N.data
46,46,worst,1035,45,N.data
47,10,best.heuristic,130,6,10
47,10,best,104,5,10
47,10,worst,415,9,10
47,47,best.heuristic,219,6,N.data
47,47,best,219,6,N.data
47,47,worst,1081,46,N.data
48,10,best.heuristic,135,6,10
48,10,best,106,5,10
48,10,worst,425,9,10
48,48,best.heuristic,225,6,N.data
48,48,best,225,6,N.data
48,48,worst,1128,47,N.data
49,10,best.heuristic,137,6,10
49,10,best,108,5,10
49,10,worst,435,9,10
49,49,best.heuristic,231,6,N.data
49,49,best,231,6,N.data
49,49,worst,1176,48,N.data
50,10,best.heuristic,140,6,10
50,10,best,110,5,10
50,10,worst,445,9,10
50,50,best.heuristic,237,6,N.data
50,50,best,237,6,N.data
50,50,worst,1225,49,N.data
51,10,best.heuristic,142,6,10
51,10,best,112,5,10
51,10,worst,455,9,10
51,51,best.heuristic,243,6,N.data
51,51,best,243,6,N.data
51,51,worst,1275,50,N.data
52,10,best.heuristic,147,6,10
52,10,best,114,5,10
52,10,worst,465,9,10
52,52,best.heuristic,249,6,N.data
52,52,best,249,6,N.data
52,52,worst,1326,51,N.data
53,10,best.heuristic,149,6,10
53,10,best,116,5,10
53,10,worst,475,9,10
53,53,best.heuristic,255,6,N.data
53,53,best,255,6,N.data
53,53,worst,1378,52,N.data
54,10,best.heuristic,152,6,10
54,10,best,118,5,10
54,10,worst,485,9,10
54,54,best.heuristic,261,6,N.data
54,54,best,261,6,N.data
54,54,worst,1431,53,N.data
55,10,best.heuristic,154,6,10
55,10,best,120,5,10
55,10,worst,495,9,10
55,55,best.heuristic,267,6,N.data
55,55,best,267,6,N.data
55,55,worst,1485,54,N.data
56,10,best.heuristic,155,6,10
56,10,best,122,5,10
56,10,worst,505,9,10
56,56,best.heuristic,273,6,N.data
56,56,best,273,6,N.data
56,56,worst,1540,55,N.data
57,10,best.heuristic,157,6,10
57,10,best,124,5,10
57,10,worst,515,9,10
57,57,best.heuristic,279,6,N.data
57,57,best,279,6,N.data
57,57,worst,1596,56,N.data
58,10,best.heuristic,160,6,10
58,10,best,126,5,10
58,10,worst,525,9,10
58,58,best.heuristic,285,6,N.data
58,58,best,285,6,N.data
58,58,worst,1653,57,N.data
59,10,best.heuristic,162,6,10
59,10,best,128,5,10
59,10,worst,535,9,10
59,59,best.heuristic,291,6,N.data
59,59,best,291,6,N.data
59,59,worst,1711,58,N.data
60,10,best.heuristic,166,6,10
60,10,best,130,5,10
60,10,worst,545,9,10
60,60,best.heuristic,297,6,N.data
60,60,best,297,6,N.data
60,60,worst,1770,59,N.data
61,10,best.heuristic,168,6,10
61,10,best,132,5,10
61,10,worst,555,9,10
61,61,best.heuristic,303,6,N.data
61,61,best,303,6,N.data
61,61,worst,1830,60,N.data
62,10,best.heuristic,171,6,10
62,10,best,134,5,10
62,10,worst,565,9,10
62,62,best.heuristic,309,6,N.data
62,62,best,309,6,N.data
62,62,worst,1891,61,N.data
63,10,best.heuristic,173,6,10
63,10,best,136,5,10
63,10,worst,575,9,10
63,63,best.heuristic,315,6,N.data
63,63,best,315,6,N.data
63,63,worst,1953,62,N.data
64,10,best.heuristic,179,6,10
64,10,best,138,5,10
64,10,worst,585,9,10
64,64,best.heuristic,321,6,N.data
64,64,best,321,6,N.data
64,64,worst,2016,63,N.data
65,10,best.heuristic,181,6,10
65,10,best,140,5,10
65,10,worst,595,9,10
65,65,best.heuristic,328,7,N.data
65,65,best,328,7,N.data
65,65,worst,2080,64,N.data
66,10,best.heuristic,184,6,10
66,10,best,142,5,10
66,10,worst,605,9,10
66,66,best.heuristic,335,7,N.data
66,66,best,335,7,N.data
66,66,worst,2145,65,N.data
67,10,best.heuristic,186,6,10
67,10,best,144,5,10
67,10,worst,615,9,10
67,67,best.heuristic,342,7,N.data
67,67,best,342,7,N.data
67,67,worst,2211,66,N.data
68,10,best.heuristic,190,6,10
68,10,best,146,5,10
68,10,worst,625,9,10
68,68,best.heuristic,349,7,N.data
68,68,best,349,7,N.data
68,68,worst,2278,67,N.data
69,10,best.heuristic,192,6,10
69,10,best,148,5,10
69,10,worst,635,9,10
69,69,best.heuristic,356,7,N.data
69,69,best,356,7,N.data
69,69,worst,2346,68,N.data
70,10,best.heuristic,195,6,10
70,10,best,150,5,10
70,10,worst,645,9,10
70,70,best.heuristic,363,7,N.data
70,70,best,363,7,N.data
70,70,worst,2415,69,N.data
71,10,best.heuristic,197,6,10
71,10,best,152,5,10
71,10,worst,655,9,10
71,71,best.heuristic,370,7,N.data
71,71,best,370,7,N.data
71,71,worst,2485,70,N.data
72,10,best.heuristic,203,6,10
72,10,best,154,5,10
72,10,worst,665,9,10
72,72,best.heuristic,377,7,N.data
72,72,best,377,7,N.data
72,72,worst,2556,71,N.data
73,10,best.heuristic,205,6,10
73,10,best,156,5,10
73,10,worst,675,9,10
73,73,best.heuristic,384,7,N.data
73,73,best,384,7,N.data
73,73,worst,2628,72,N.data
74,10,best.heuristic,208,6,10
74,10,best,158,5,10
74,10,worst,685,9,10
74,74,best.heuristic,391,7,N.data
74,74,best,391,7,N.data
74,74,worst,2701,73,N.data
75,10,best.heuristic,210,6,10
75,10,best,160,5,10
75,10,worst,695,9,10
75,75,best.heuristic,398,7,N.data
75,75,best,398,7,N.data
75,75,worst,2775,74,N.data
76,10,best.heuristic,214,6,10
76,10,best,162,5,10
76,10,worst,705,9,10
76,76,best.heuristic,405,7,N.data
76,76,best,405,7,N.data
76,76,worst,2850,75,N.data
77,10,best.heuristic,216,6,10
77,10,best,164,5,10
77,10,worst,715,9,10
77,77,best.heuristic,412,7,N.data
77,77,best,412,7,N.data
77,77,worst,2926,76,N.data
78,10,best.heuristic,219,6,10
78,10,best,166,5,10
78,10,worst,725,9,10
78,78,best.heuristic,419,7,N.data
78,78,best,419,7,N.data
78,78,worst,3003,77,N.data
79,10,best.heuristic,221,6,10
79,10,best,168,5,10
79,10,worst,735,9,10
79,79,best.heuristic,426,7,N.data
79,79,best,426,7,N.data
79,79,worst,3081,78,N.data
80,10,best.heuristic,228,7,10
80,10,best,170,5,10
80,10,worst,745,9,10
80,80,best.heuristic,433,7,N.data
80,80,best,433,7,N.data
80,80,worst,3160,79,N.data
81,10,best.heuristic,230,7,10
81,10,best,172,5,10
81,10,worst,755,9,10
81,81,best.heuristic,440,7,N.data
81,81,best,440,7,N.data
81,81,worst,3240,80,N.data
82,10,best.heuristic,233,7,10
82,10,best,174,5,10
82,10,worst,765,9,10
82,82,best.heuristic,447,7,N.data
82,82,best,447,7,N.data
82,82,worst,3321,81,N.data
83,10,best.heuristic,235,7,10
83,10,best,176,5,10
83,10,worst,775,9,10
83,83,best.heuristic,454,7,N.data
83,83,best,454,7,N.data
83,83,worst,3403,82,N.data
84,10,best.heuristic,239,7,10
84,10,best,178,5,10
84,10,worst,785,9,10
84,84,best.heuristic,461,7,N.data
84,84,best,461,7,N.data
84,84,worst,3486,83,N.data
85,10,best.heuristic,241,7,10
85,10,best,180,5,10
85,10,worst,795,9,10
85,85,best.heuristic,468,7,N.data
85,85,best,468,7,N.data
85,85,worst,3570,84,N.data
86,10,best.heuristic,244,7,10
86,10,best,182,5,10
86,10,worst,805,9,10
86,86,best.heuristic,475,7,N.data
86,86,best,475,7,N.data
86,86,worst,3655,85,N.data
87,10,best.heuristic,246,7,10
87,10,best,184,5,10
87,10,worst,815,9,10
87,87,best.heuristic,482,7,N.data
87,87,best,482,7,N.data
87,87,worst,3741,86,N.data
88,10,best.heuristic,252,7,10
88,10,best,186,5,10
88,10,worst,825,9,10
88,88,best.heuristic,489,7,N.data
88,88,best,489,7,N.data
88,88,worst,3828,87,N.data
89,10,best.heuristic,254,7,10
89,10,best,188,5,10
89,10,worst,835,9,10
89,89,best.heuristic,496,7,N.data
89,89,best,496,7,N.data
89,89,worst,3916,88,N.data
90,10,best.heuristic,257,7,10
90,10,best,190,5,10
90,10,worst,845,9,10
90,90,best.heuristic,503,7,N.data
90,90,best,503,7,N.data
90,90,worst,4005,89,N.data
91,10,best.heuristic,259,7,10
91,10,best,192,5,10
91,10,worst,855,9,10
91,91,best.heuristic,510,7,N.data
91,91,best,510,7,N.data
91,91,worst,4095,90,N.data
92,10,best.heuristic,263,7,10
92,10,best,194,5,10
92,10,worst,865,9,10
92,92,best.heuristic,517,7,N.data
92,92,best,517,7,N.data
92,92,worst,4186,91,N.data
93,10,best.heuristic,265,7,10
93,10,best,196,5,10
93,10,worst,875,9,10
93,93,best.heuristic,524,7,N.data
93,93,best,524,7,N.data
93,93,worst,4278,92,N.data
94,10,best.heuristic,268,7,10
94,10,best,198,5,10
94,10,worst,885,9,10
94,94,best.heuristic,531,7,N.data
94,94,best,531,7,N.data
94,94,worst,4371,93,N.data
95,10,best.heuristic,270,7,10
95,10,best,200,5,10
95,10,worst,895,9,10
95,95,best.heuristic,538,7,N.data
95,95,best,538,7,N.data
95,95,worst,4465,94,N.data
96,10,best.heuristic,273,7,10
96,10,best,202,5,10
96,10,worst,905,9,10
96,96,best.heuristic,545,7,N.data
96,96,best,545,7,N.data
96,96,worst,4560,95,N.data
97,10,best.heuristic,275,7,10
97,10,best,204,5,10
97,10,worst,915,9,10
97,97,best.heuristic,552,7,N.data
97,97,best,552,7,N.data
97,97,worst,4656,96,N.data
98,10,best.heuristic,278,7,10
98,10,best,206,5,10
98,10,worst,925,9,10
98,98,best.heuristic,559,7,N.data
98,98,best,559,7,N.data
98,98,worst,4753,97,N.data
99,10,best.heuristic,280,7,10
99,10,best,208,5,10
99,10,worst,935,9,10
99,99,best.heuristic,566,7,N.data
99,99,best,566,7,N.data
99,99,worst,4851,98,N.data
100,10,best.heuristic,284,7,10
100,10,best,210,5,10
100,10,worst,945,9,10
100,100,best.heuristic,573,7,N.data
100,100,best,573,7,N.data
100,100,worst,4950,99,N.data
316,10,best.heuristic,925,8,10
316,10,worst,3105,315,10
316,316,best.heuristic,2333,9,N.data
316,316,worst,49770,315,N.data
1000,10,best.heuristic,2974,9,10
1000,10,worst,9945,999,10
1000,1000,best.heuristic,8977,10,N.data
1000,1000,worst,499500,999,N.data
5937,10,best.heuristic,17766,9,10
5937,10,worst,59315,5936,10
5937,5937,best.heuristic,68990,13,N.data
5937,5937,worst,17621016,5936,N.data
101,10,best.heuristic,286,7,10
101,10,worst,955,100,10
101,101,best.heuristic,580,7,N.data
101,101,worst,5050,100,N.data
102,10,best.heuristic,289,7,10
102,10,worst,965,101,10
102,102,best.heuristic,587,7,N.data
102,102,worst,5151,101,N.data
103,10,best.heuristic,291,7,10
103,10,worst,975,102,10
103,103,best.heuristic,594,7,N.data
103,103,worst,5253,102,N.data
104,10,best.heuristic,296,7,10
104,10,worst,985,103,10
104,104,best.heuristic,601,7,N.data
104,104,worst,5356,103,N.data
105,10,best.heuristic,298,7,10
105,10,worst,995,104,10
105,105,best.heuristic,608,7,N.data
105,105,worst,5460,104,N.data
106,10,best.heuristic,301,7,10
106,10,worst,1005,105,10
106,106,best.heuristic,615,7,N.data
106,106,worst,5565,105,N.data
107,10,best.heuristic,303,7,10
107,10,worst,1015,106,10
107,107,best.heuristic,622,7,N.data
107,107,worst,5671,106,N.data
108,10,best.heuristic,307,7,10
108,10,worst,1025,107,10
108,108,best.heuristic,629,7,N.data
108,108,worst,5778,107,N.data
109,10,best.heuristic,309,7,10
109,10,worst,1035,108,10
109,109,best.heuristic,636,7,N.data
109,109,worst,5886,108,N.data
110,10,best.heuristic,312,7,10
110,10,worst,1045,109,10
110,110,best.heuristic,643,7,N.data
110,110,worst,5995,109,N.data
111,10,best.heuristic,314,7,10
111,10,worst,1055,110,10
111,111,best.heuristic,650,7,N.data
111,111,worst,6105,110,N.data
112,10,best.heuristic,321,7,10
112,10,worst,1065,111,10
112,112,best.heuristic,657,7,N.data
112,112,worst,6216,111,N.data
113,10,best.heuristic,323,7,10
113,10,worst,1075,112,10
113,113,best.heuristic,664,7,N.data
113,113,worst,6328,112,N.data
114,10,best.heuristic,326,7,10
114,10,worst,1085,113,10
114,114,best.heuristic,671,7,N.data
114,114,worst,6441,113,N.data
115,10,best.heuristic,328,7,10
115,10,worst,1095,114,10
115,115,best.heuristic,678,7,N.data
115,115,worst,6555,114,N.data
116,10,best.heuristic,332,7,10
116,10,worst,1105,115,10
116,116,best.heuristic,685,7,N.data
116,116,worst,6670,115,N.data
117,10,best.heuristic,334,7,10
117,10,worst,1115,116,10
117,117,best.heuristic,692,7,N.data
117,117,worst,6786,116,N.data
118,10,best.heuristic,337,7,10
118,10,worst,1125,117,10
118,118,best.heuristic,699,7,N.data
118,118,worst,6903,117,N.data
119,10,best.heuristic,339,7,10
119,10,worst,1135,118,10
119,119,best.heuristic,706,7,N.data
119,119,worst,7021,118,N.data
120,10,best.heuristic,344,7,10
120,10,worst,1145,119,10
120,120,best.heuristic,713,7,N.data
120,120,worst,7140,119,N.data
121,10,best.heuristic,346,7,10
121,10,worst,1155,120,10
121,121,best.heuristic,720,7,N.data
121,121,worst,7260,120,N.data
122,10,best.heuristic,349,7,10
122,10,worst,1165,121,10
122,122,best.heuristic,727,7,N.data
122,122,worst,7381,121,N.data
123,10,best.heuristic,351,7,10
123,10,worst,1175,122,10
123,123,best.heuristic,734,7,N.data
123,123,worst,7503,122,N.data
124,10,best.heuristic,355,7,10
124,10,worst,1185,123,10
124,124,best.heuristic,741,7,N.data
124,124,worst,7626,123,N.data
125,10,best.heuristic,357,7,10
125,10,worst,1195,124,10
125,125,best.heuristic,748,7,N.data
125,125,worst,7750,124,N.data
126,10,best.heuristic,360,7,10
126,10,worst,1205,125,10
126,126,best.heuristic,755,7,N.data
126,126,worst,7875,125,N.data
127,10,best.heuristic,362,7,10
127,10,worst,1215,126,10
127,127,best.heuristic,762,7,N.data
127,127,worst,8001,126,N.data
128,10,best.heuristic,369,7,10
128,10,worst,1225,127,10
128,128,best.heuristic,769,7,N.data
128,128,worst,8128,127,N.data
129,10,best.heuristic,371,7,10
129,10,worst,1235,128,10
129,129,best.heuristic,777,8,N.data
129,129,worst,8256,128,N.data
130,10,best.heuristic,374,7,10
130,10,worst,1245,129,10
130,130,best.heuristic,785,8,N.data
130,130,worst,8385,129,N.data
131,10,best.heuristic,376,7,10
131,10,worst,1255,130,10
131,131,best.heuristic,793,8,N.data
131,131,worst,8515,130,N.data
132,10,best.heuristic,380,7,10
132,10,worst,1265,131,10
132,132,best.heuristic,801,8,N.data
132,132,worst,8646,131,N.data
133,10,best.heuristic,382,7,10
133,10,worst,1275,132,10
133,133,best.heuristic,809,8,N.data
133,133,worst,8778,132,N.data
134,10,best.heuristic,385,7,10
134,10,worst,1285,133,10
134,134,best.heuristic,817,8,N.data
134,134,worst,8911,133,N.data
135,10,best.heuristic,387,7,10
135,10,worst,1295,134,10
135,135,best.heuristic,825,8,N.data
135,135,worst,9045,134,N.data
136,10,best.heuristic,392,7,10
136,10,worst,1305,135,10
136,136,best.heuristic,833,8,N.data
136,136,worst,9180,135,N.data
137,10,best.heuristic,394,7,10
137,10,worst,1315,136,10
137,137,best.heuristic,841,8,N.data
137,137,worst,9316,136,N.data
138,10,best.heuristic,397,7,10
138,10,worst,1325,137,10
138,138,best.heuristic,849,8,N.data
138,138,worst,9453,137,N.data
139,10,best.heuristic,399,7,10
139,10,worst,1335,138,10
139,139,best.heuristic,857,8,N.data
139,139,worst,9591,138,N.data
140,10,best.heuristic,403,7,10
140,10,worst,1345,139,10
140,140,best.heuristic,865,8,N.data
140,140,worst,9730,139,N.data
141,10,best.heuristic,405,7,10
141,10,worst,1355,140,10
141,141,best.heuristic,873,8,N.data
141,141,worst,9870,140,N.data
142,10,best.heuristic,408,7,10
142,10,worst,1365,141,10
142,142,best.heuristic,881,8,N.data
142,142,worst,10011,141,N.data
143,10,best.heuristic,410,7,10
143,10,worst,1375,142,10
143,143,best.heuristic,889,8,N.data
143,143,worst,10153,142,N.data
144,10,best.heuristic,417,7,10
144,10,worst,1385,143,10
144,144,best.heuristic,897,8,N.data
144,144,worst,10296,143,N.data
145,10,best.heuristic,419,7,10
145,10,worst,1395,144,10
145,145,best.heuristic,905,8,N.data
145,145,worst,10440,144,N.data
146,10,best.heuristic,422,7,10
146,10,worst,1405,145,10
146,146,best.heuristic,913,8,N.data
146,146,worst,10585,145,N.data
147,10,best.heuristic,424,7,10
147,10,worst,1415,146,10
147,147,best.heuristic,921,8,N.data
147,147,worst,10731,146,N.data
148,10,best.heuristic,428,7,10
148,10,worst,1425,147,10
148,148,best.heuristic,929,8,N.data
148,148,worst,10878,147,N.data
149,10,best.heuristic,430,7,10
149,10,worst,1435,148,10
149,149,best.heuristic,937,8,N.data
149,149,worst,11026,148,N.data
150,10,best.heuristic,433,7,10
150,10,worst,1445,149,10
150,150,best.heuristic,945,8,N.data
150,150,worst,11175,149,N.data
151,10,best.heuristic,435,7,10
151,10,worst,1455,150,10
151,151,best.heuristic,953,8,N.data
151,151,worst,11325,150,N.data
152,10,best.heuristic,440,7,10
152,10,worst,1465,151,10
152,152,best.heuristic,961,8,N.data
152,152,worst,11476,151,N.data
153,10,best.heuristic,442,7,10
153,10,worst,1475,152,10
153,153,best.heuristic,969,8,N.data
153,153,worst,11628,152,N.data
154,10,best.heuristic,445,7,10
154,10,worst,1485,153,10
154,154,best.heuristic,977,8,N.data
154,154,worst,11781,153,N.data
155,10,best.heuristic,447,7,10
155,10,worst,1495,154,10
155,155,best.heuristic,985,8,N.data
155,155,worst,11935,154,N.data
156,10,best.heuristic,451,7,10
156,10,worst,1505,155,10
156,156,best.heuristic,993,8,N.data
156,156,worst,12090,155,N.data
157,10,best.heuristic,453,7,10
157,10,worst,1515,156,10
157,157,best.heuristic,1001,8,N.data
157,157,worst,12246,156,N.data
158,10,best.heuristic,456,7,10
158,10,worst,1525,157,10
158,158,best.heuristic,1009,8,N.data
158,158,worst,12403,157,N.data
159,10,best.heuristic,458,7,10
159,10,worst,1535,158,10
159,159,best.heuristic,1017,8,N.data
159,159,worst,12561,158,N.data
160,10,best.heuristic,463,8,10
160,10,worst,1545,159,10
160,160,best.heuristic,1025,8,N.data
160,160,worst,12720,159,N.data
161,10,best.heuristic,465,8,10
161,10,worst,1555,160,10
161,161,best.heuristic,1033,8,N.data
161,161,worst,12880,160,N.data
162,10,best.heuristic,468,8,10
162,10,worst,1565,161,10
162,162,best.heuristic,1041,8,N.data
162,162,worst,13041,161,N.data
163,10,best.heuristic,470,8,10
163,10,worst,1575,162,10
163,163,best.heuristic,1049,8,N.data
163,163,worst,13203,162,N.data
164,10,best.heuristic,474,8,10
164,10,worst,1585,163,10
164,164,best.heuristic,1057,8,N.data
164,164,worst,13366,163,N.data
165,10,best.heuristic,476,8,10
165,10,worst,1595,164,10
165,165,best.heuristic,1065,8,N.data
165,165,worst,13530,164,N.data
166,10,best.heuristic,479,8,10
166,10,worst,1605,165,10
166,166,best.heuristic,1073,8,N.data
166,166,worst,13695,165,N.data
167,10,best.heuristic,481,8,10
167,10,worst,1615,166,10
167,167,best.heuristic,1081,8,N.data
167,167,worst,13861,166,N.data
168,10,best.heuristic,486,8,10
168,10,worst,1625,167,10
168,168,best.heuristic,1089,8,N.data
168,168,worst,14028,167,N.data
169,10,best.heuristic,488,8,10
169,10,worst,1635,168,10
169,169,best.heuristic,1097,8,N.data
169,169,worst,14196,168,N.data
170,10,best.heuristic,491,8,10
170,10,worst,1645,169,10
170,170,best.heuristic,1105,8,N.data
170,170,worst,14365,169,N.data
171,10,best.heuristic,493,8,10
171,10,worst,1655,170,10
171,171,best.heuristic,1113,8,N.data
171,171,worst,14535,170,N.data
172,10,best.heuristic,497,8,10
172,10,worst,1665,171,10
172,172,best.heuristic,1121,8,N.data
172,172,worst,14706,171,N.data
173,10,best.heuristic,499,8,10
173,10,worst,1675,172,10
173,173,best.heuristic,1129,8,N.data
173,173,worst,14878,172,N.data
174,10,best.heuristic,502,8,10
174,10,worst,1685,173,10
174,174,best.heuristic,1137,8,N.data
174,174,worst,15051,173,N.data
175,10,best.heuristic,504,8,10
175,10,worst,1695,174,10
175,175,best.heuristic,1145,8,N.data
175,175,worst,15225,174,N.data
176,10,best.heuristic,510,8,10
176,10,worst,1705,175,10
176,176,best.heuristic,1153,8,N.data
176,176,worst,15400,175,N.data
177,10,best.heuristic,512,8,10
177,10,worst,1715,176,10
177,177,best.heuristic,1161,8,N.data
177,177,worst,15576,176,N.data
178,10,best.heuristic,515,8,10
178,10,worst,1725,177,10
178,178,best.heuristic,1169,8,N.data
178,178,worst,15753,177,N.data
179,10,best.heuristic,517,8,10
179,10,worst,1735,178,10
179,179,best.heuristic,1177,8,N.data
179,179,worst,15931,178,N.data
180,10,best.heuristic,521,8,10
180,10,worst,1745,179,10
180,180,best.heuristic,1185,8,N.data
180,180,worst,16110,179,N.data
181,10,best.heuristic,523,8,10
181,10,worst,1755,180,10
181,181,best.heuristic,1193,8,N.data
181,181,worst,16290,180,N.data
182,10,best.heuristic,526,8,10
182,10,worst,1765,181,10
182,182,best.heuristic,1201,8,N.data
182,182,worst,16471,181,N.data
183,10,best.heuristic,528,8,10
183,10,worst,1775,182,10
183,183,best.heuristic,1209,8,N.data
183,183,worst,16653,182,N.data
184,10,best.heuristic,533,8,10
184,10,worst,1785,183,10
184,184,best.heuristic,1217,8,N.data
184,184,worst,16836,183,N.data
185,10,best.heuristic,535,8,10
185,10,worst,1795,184,10
185,185,best.heuristic,1225,8,N.data
185,185,worst,17020,184,N.data
186,10,best.heuristic,538,8,10
186,10,worst,1805,185,10
186,186,best.heuristic,1233,8,N.data
186,186,worst,17205,185,N.data
187,10,best.heuristic,540,8,10
187,10,worst,1815,186,10
187,187,best.heuristic,1241,8,N.data
187,187,worst,17391,186,N.data
188,10,best.heuristic,544,8,10
188,10,worst,1825,187,10
188,188,best.heuristic,1249,8,N.data
188,188,worst,17578,187,N.data
189,10,best.heuristic,546,8,10
189,10,worst,1835,188,10
189,189,best.heuristic,1257,8,N.data
189,189,worst,17766,188,N.data
190,10,best.heuristic,549,8,10
190,10,worst,1845,189,10
190,190,best.heuristic,1265,8,N.data
190,190,worst,17955,189,N.data
191,10,best.heuristic,551,8,10
191,10,worst,1855,190,10
191,191,best.heuristic,1273,8,N.data
191,191,worst,18145,190,N.data
192,10,best.heuristic,559,8,10
192,10,worst,1865,191,10
192,192,best.heuristic,1281,8,N.data
192,192,worst,18336,191,N.data
193,10,best.heuristic,561,8,10
193,10,worst,1875,192,10
193,193,best.heuristic,1289,8,N.data
193,193,worst,18528,192,N.data
194,10,best.heuristic,564,8,10
194,10,worst,1885,193,10
194,194,best.heuristic,1297,8,N.data
194,194,worst,18721,193,N.data
195,10,best.heuristic,566,8,10
195,10,worst,1895,194,10
195,195,best.heuristic,1305,8,N.data
195,195,worst,18915,194,N.data
196,10,best.heuristic,570,8,10
196,10,worst,1905,195,10
196,196,best.heuristic,1313,8,N.data
196,196,worst,19110,195,N.data
197,10,best.heuristic,572,8,10
197,10,worst,1915,196,10
197,197,best.heuristic,1321,8,N.data
197,197,worst,19306,196,N.data
198,10,best.heuristic,575,8,10
198,10,worst,1925,197,10
198,198,best.heuristic,1329,8,N.data
198,198,worst,19503,197,N.data
199,10,best.heuristic,577,8,10
199,10,worst,1935,198,10
199,199,best.heuristic,1337,8,N.data
199,199,worst,19701,198,N.data
200,10,best.heuristic,582,8,10
200,10,worst,1945,199,10
200,200,best.heuristic,1345,8,N.data
200,200,worst,19900,199,N.data
201,10,best.heuristic,584,8,10
201,10,worst,1955,200,10
201,201,best.heuristic,1353,8,N.data
201,201,worst,20100,200,N.data
202,10,best.heuristic,587,8,10
202,10,worst,1965,201,10
202,202,best.heuristic,1361,8,N.data
202,202,worst,20301,201,N.data
203,10,best.heuristic,589,8,10
203,10,worst,1975,202,10
203,203,best.heuristic,1369,8,N.data
203,203,worst,20503,202,N.data
204,10,best.heuristic,593,8,10
204,10,worst,1985,203,10
204,204,best.heuristic,1377,8,N.data
204,204,worst,20706,203,N.data
205,10,best.heuristic,595,8,10
205,10,worst,1995,204,10
205,205,best.heuristic,1385,8,N.data
205,205,worst,20910,204,N.data
206,10,best.heuristic,598,8,10
206,10,worst,2005,205,10
206,206,best.heuristic,1393,8,N.data
206,206,worst,21115,205,N.data
207,10,best.heuristic,600,8,10
207,10,worst,2015,206,10
207,207,best.heuristic,1401,8,N.data
207,207,worst,21321,206,N.data
208,10,best.heuristic,606,8,10
208,10,worst,2025,207,10
208,208,best.heuristic,1409,8,N.data
208,208,worst,21528,207,N.data
209,10,best.heuristic,608,8,10
209,10,worst,2035,208,10
209,209,best.heuristic,1417,8,N.data
209,209,worst,21736,208,N.data
210,10,best.heuristic,611,8,10
210,10,worst,2045,209,10
210,210,best.heuristic,1425,8,N.data
210,210,worst,21945,209,N.data
211,10,best.heuristic,613,8,10
211,10,worst,2055,210,10
211,211,best.heuristic,1433,8,N.data
211,211,worst,22155,210,N.data
212,10,best.heuristic,617,8,10
212,10,worst,2065,211,10
212,212,best.heuristic,1441,8,N.data
212,212,worst,22366,211,N.data
213,10,best.heuristic,619,8,10
213,10,worst,2075,212,10
213,213,best.heuristic,1449,8,N.data
213,213,worst,22578,212,N.data
214,10,best.heuristic,622,8,10
214,10,worst,2085,213,10
214,214,best.heuristic,1457,8,N.data
214,214,worst,22791,213,N.data
215,10,best.heuristic,624,8,10
215,10,worst,2095,214,10
215,215,best.heuristic,1465,8,N.data
215,215,worst,23005,214,N.data
216,10,best.heuristic,629,8,10
216,10,worst,2105,215,10
216,216,best.heuristic,1473,8,N.data
216,216,worst,23220,215,N.data
217,10,best.heuristic,631,8,10
217,10,worst,2115,216,10
217,217,best.heuristic,1481,8,N.data
217,217,worst,23436,216,N.data
218,10,best.heuristic,634,8,10
218,10,worst,2125,217,10
218,218,best.heuristic,1489,8,N.data
218,218,worst,23653,217,N.data
219,10,best.heuristic,636,8,10
219,10,worst,2135,218,10
219,219,best.heuristic,1497,8,N.data
219,219,worst,23871,218,N.data
220,10,best.heuristic,640,8,10
220,10,worst,2145,219,10
220,220,best.heuristic,1505,8,N.data
220,220,worst,24090,219,N.data
221,10,best.heuristic,642,8,10
221,10,worst,2155,220,10
221,221,best.heuristic,1513,8,N.data
221,221,worst,24310,220,N.data
222,10,best.heuristic,645,8,10
222,10,worst,2165,221,10
222,222,best.heuristic,1521,8,N.data
222,222,worst,24531,221,N.data
223,10,best.heuristic,647,8,10
223,10,worst,2175,222,10
223,223,best.heuristic,1529,8,N.data
223,223,worst,24753,222,N.data
224,10,best.heuristic,655,8,10
224,10,worst,2185,223,10
224,224,best.heuristic,1537,8,N.data
224,224,worst,24976,223,N.data
225,10,best.heuristic,657,8,10
225,10,worst,2195,224,10
225,225,best.heuristic,1545,8,N.data
225,225,worst,25200,224,N.data
226,10,best.heuristic,660,8,10
226,10,worst,2205,225,10
226,226,best.heuristic,1553,8,N.data
226,226,worst,25425,225,N.data
227,10,best.heuristic,662,8,10
227,10,worst,2215,226,10
227,227,best.heuristic,1561,8,N.data
227,227,worst,25651,226,N.data
228,10,best.heuristic,666,8,10
228,10,worst,2225,227,10
228,228,best.heuristic,1569,8,N.data
228,228,worst,25878,227,N.data
229,10,best.heuristic,668,8,10
229,10,worst,2235,228,10
229,229,best.heuristic,1577,8,N.data
229,229,worst,26106,228,N.data
230,10,best.heuristic,671,8,10
230,10,worst,2245,229,10
230,230,best.heuristic,1585,8,N.data
230,230,worst,26335,229,N.data
231,10,best.heuristic,673,8,10
231,10,worst,2255,230,10
231,231,best.heuristic,1593,8,N.data
231,231,worst,26565,230,N.data
232,10,best.heuristic,678,8,10
232,10,worst,2265,231,10
232,232,best.heuristic,1601,8,N.data
232,232,worst,26796,231,N.data
233,10,best.heuristic,680,8,10
233,10,worst,2275,232,10
233,233,best.heuristic,1609,8,N.data
233,233,worst,27028,232,N.data
234,10,best.heuristic,683,8,10
234,10,worst,2285,233,10
234,234,best.heuristic,1617,8,N.data
234,234,worst,27261,233,N.data
235,10,best.heuristic,685,8,10
235,10,worst,2295,234,10
235,235,best.heuristic,1625,8,N.data
235,235,worst,27495,234,N.data
236,10,best.heuristic,689,8,10
236,10,worst,2305,235,10
236,236,best.heuristic,1633,8,N.data
236,236,worst,27730,235,N.data
237,10,best.heuristic,691,8,10
237,10,worst,2315,236,10
237,237,best.heuristic,1641,8,N.data
237,237,worst,27966,236,N.data
238,10,best.heuristic,694,8,10
238,10,worst,2325,237,10
238,238,best.heuristic,1649,8,N.data
238,238,worst,28203,237,N.data
239,10,best.heuristic,696,8,10
239,10,worst,2335,238,10
239,239,best.heuristic,1657,8,N.data
239,239,worst,28441,238,N.data
240,10,best.heuristic,702,8,10
240,10,worst,2345,239,10
240,240,best.heuristic,1665,8,N.data
240,240,worst,28680,239,N.data
241,10,best.heuristic,704,8,10
241,10,worst,2355,240,10
241,241,best.heuristic,1673,8,N.data
241,241,worst,28920,240,N.data
242,10,best.heuristic,707,8,10
242,10,worst,2365,241,10
242,242,best.heuristic,1681,8,N.data
242,242,worst,29161,241,N.data
243,10,best.heuristic,709,8,10
243,10,worst,2375,242,10
243,243,best.heuristic,1689,8,N.data
243,243,worst,29403,242,N.data
244,10,best.heuristic,713,8,10
244,10,worst,2385,243,10
244,244,best.heuristic,1697,8,N.data
244,244,worst,29646,243,N.data
245,10,best.heuristic,715,8,10
245,10,worst,2395,244,10
245,245,best.heuristic,1705,8,N.data
245,245,worst,29890,244,N.data
246,10,best.heuristic,718,8,10
246,10,worst,2405,245,10
246,246,best.heuristic,1713,8,N.data
246,246,worst,30135,245,N.data
247,10,best.heuristic,720,8,10
247,10,worst,2415,246,10
247,247,best.heuristic,1721,8,N.data
247,247,worst,30381,246,N.data
248,10,best.heuristic,725,8,10
248,10,worst,2425,247,10
248,248,best.heuristic,1729,8,N.data
248,248,worst,30628,247,N.data
249,10,best.heuristic,727,8,10
249,10,worst,2435,248,10
249,249,best.heuristic,1737,8,N.data
249,249,worst,30876,248,N.data
250,10,best.heuristic,730,8,10
250,10,worst,2445,249,10
250,250,best.heuristic,1745,8,N.data
250,250,worst,31125,249,N.data
251,10,best.heuristic,732,8,10
251,10,worst,2455,250,10
251,251,best.heuristic,1753,8,N.data
251,251,worst,31375,250,N.data
252,10,best.heuristic,736,8,10
252,10,worst,2465,251,10
252,252,best.heuristic,1761,8,N.data
252,252,worst,31626,251,N.data
253,10,best.heuristic,738,8,10
253,10,worst,2475,252,10
253,253,best.heuristic,1769,8,N.data
253,253,worst,31878,252,N.data
254,10,best.heuristic,741,8,10
254,10,worst,2485,253,10
254,254,best.heuristic,1777,8,N.data
254,254,worst,32131,253,N.data
255,10,best.heuristic,743,8,10
255,10,worst,2495,254,10
255,255,best.heuristic,1785,8,N.data
255,255,worst,32385,254,N.data
256,10,best.heuristic,749,8,10
256,10,worst,2505,255,10
256,256,best.heuristic,1793,8,N.data
256,256,worst,32640,255,N.data
257,10,best.heuristic,751,8,10
257,10,worst,2515,256,10
257,257,best.heuristic,1802,9,N.data
257,257,worst,32896,256,N.data
258,10,best.heuristic,754,8,10
258,10,worst,2525,257,10
258,258,best.heuristic,1811,9,N.data
258,258,worst,33153,257,N.data
259,10,best.heuristic,756,8,10
259,10,worst,2535,258,10
259,259,best.heuristic,1820,9,N.data
259,259,worst,33411,258,N.data
260,10,best.heuristic,760,8,10
260,10,worst,2545,259,10
260,260,best.heuristic,1829,9,N.data
260,260,worst,33670,259,N.data
261,10,best.heuristic,762,8,10
261,10,worst,2555,260,10
261,261,best.heuristic,1838,9,N.data
261,261,worst,33930,260,N.data
262,10,best.heuristic,765,8,10
262,10,worst,2565,261,10
262,262,best.heuristic,1847,9,N.data
262,262,worst,34191,261,N.data
263,10,best.heuristic,767,8,10
263,10,worst,2575,262,10
263,263,best.heuristic,1856,9,N.data
263,263,worst,34453,262,N.data
264,10,best.heuristic,772,8,10
264,10,worst,2585,263,10
264,264,best.heuristic,1865,9,N.data
264,264,worst,34716,263,N.data
265,10,best.heuristic,774,8,10
265,10,worst,2595,264,10
265,265,best.heuristic,1874,9,N.data
265,265,worst,34980,264,N.data
266,10,best.heuristic,777,8,10
266,10,worst,2605,265,10
266,266,best.heuristic,1883,9,N.data
266,266,worst,35245,265,N.data
267,10,best.heuristic,779,8,10
267,10,worst,2615,266,10
267,267,best.heuristic,1892,9,N.data
267,267,worst,35511,266,N.data
268,10,best.heuristic,783,8,10
268,10,worst,2625,267,10
268,268,best.heuristic,1901,9,N.data
268,268,worst,35778,267,N.data
269,10,best.heuristic,785,8,10
269,10,worst,2635,268,10
269,269,best.heuristic,1910,9,N.data
269,269,worst,36046,268,N.data
270,10,best.heuristic,788,8,10
270,10,worst,2645,269,10
270,270,best.heuristic,1919,9,N.data
270,270,worst,36315,269,N.data
271,10,best.heuristic,790,8,10
271,10,worst,2655,270,10
271,271,best.heuristic,1928,9,N.data
271,271,worst,36585,270,N.data
272,10,best.heuristic,796,8,10
272,10,worst,2665,271,10
272,272,best.heuristic,1937,9,N.data
272,272,worst,36856,271,N.data
273,10,best.heuristic,798,8,10
273,10,worst,2675,272,10
273,273,best.heuristic,1946,9,N.data
273,273,worst,37128,272,N.data
274,10,best.heuristic,801,8,10
274,10,worst,2685,273,10
274,274,best.heuristic,1955,9,N.data
274,274,worst,37401,273,N.data
275,10,best.heuristic,803,8,10
275,10,worst,2695,274,10
275,275,best.heuristic,1964,9,N.data
275,275,worst,37675,274,N.data
276,10,best.heuristic,807,8,10
276,10,worst,2705,275,10
276,276,best.heuristic,1973,9,N.data
276,276,worst,37950,275,N.data
277,10,best.heuristic,809,8,10
277,10,worst,2715,276,10
277,277,best.heuristic,1982,9,N.data
277,277,worst,38226,276,N.data
278,10,best.heuristic,812,8,10
278,10,worst,2725,277,10
278,278,best.heuristic,1991,9,N.data
278,278,worst,38503,277,N.data
279,10,best.heuristic,814,8,10
279,10,worst,2735,278,10
279,279,best.heuristic,2000,9,N.data
279,279,worst,38781,278,N.data
280,10,best.heuristic,819,8,10
280,10,worst,2745,279,10
280,280,best.heuristic,2009,9,N.data
280,280,worst,39060,279,N.data
281,10,best.heuristic,821,8,10
281,10,worst,2755,280,10
281,281,best.heuristic,2018,9,N.data
281,281,worst,39340,280,N.data
282,10,best.heuristic,824,8,10
282,10,worst,2765,281,10
282,282,best.heuristic,2027,9,N.data
282,282,worst,39621,281,N.data
283,10,best.heuristic,826,8,10
283,10,worst,2775,282,10
283,283,best.heuristic,2036,9,N.data
283,283,worst,39903,282,N.data
284,10,best.heuristic,830,8,10
284,10,worst,2785,283,10
284,284,best.heuristic,2045,9,N.data
284,284,worst,40186,283,N.data
285,10,best.heuristic,832,8,10
285,10,worst,2795,284,10
285,285,best.heuristic,2054,9,N.data
285,285,worst,40470,284,N.data
286,10,best.heuristic,835,8,10
286,10,worst,2805,285,10
286,286,best.heuristic,2063,9,N.data
286,286,worst,40755,285,N.data
287,10,best.heuristic,837,8,10
287,10,worst,2815,286,10
287,287,best.heuristic,2072,9,N.data
287,287,worst,41041,286,N.data
288,10,best.heuristic,844,8,10
288,10,worst,2825,287,10
288,288,best.heuristic,2081,9,N.data
288,288,worst,41328,287,N.data
289,10,best.heuristic,846,8,10
289,10,worst,2835,288,10
289,289,best.heuristic,2090,9,N.data
289,289,worst,41616,288,N.data
290,10,best.heuristic,849,8,10
290,10,worst,2845,289,10
290,290,best.heuristic,2099,9,N.data
290,290,worst,41905,289,N.data
291,10,best.heuristic,851,8,10
291,10,worst,2855,290,10
291,291,best.heuristic,2108,9,N.data
291,291,worst,42195,290,N.data
292,10,best.heuristic,855,8,10
292,10,worst,2865,291,10
292,292,best.heuristic,2117,9,N.data
292,292,worst,42486,291,N.data
293,10,best.heuristic,857,8,10
293,10,worst,2875,292,10
293,293,best.heuristic,2126,9,N.data
293,293,worst,42778,292,N.data
294,10,best.heuristic,860,8,10
294,10,worst,2885,293,10
294,294,best.heuristic,2135,9,N.data
294,294,worst,43071,293,N.data
295,10,best.heuristic,862,8,10
295,10,worst,2895,294,10
295,295,best.heuristic,2144,9,N.data
295,295,worst,43365,294,N.data
296,10,best.heuristic,867,8,10
296,10,worst,2905,295,10
296,296,best.heuristic,2153,9,N.data
296,296,worst,43660,295,N.data
297,10,best.heuristic,869,8,10
297,10,worst,2915,296,10
297,297,best.heuristic,2162,9,N.data
297,297,worst,43956,296,N.data
298,10,best.heuristic,872,8,10
298,10,worst,2925,297,10
298,298,best.heuristic,2171,9,N.data
298,298,worst,44253,297,N.data
299,10,best.heuristic,874,8,10
299,10,worst,2935,298,10
299,299,best.heuristic,2180,9,N.data
299,299,worst,44551,298,N.data
300,10,best.heuristic,878,8,10
300,10,worst,2945,299,10
300,300,best.heuristic,2189,9,N.data
300,300,worst,44850,299,N.data
301,10,best.heuristic,880,8,10
301,10,worst,2955,300,10
301,301,best.heuristic,2198,9,N.data
301,301,worst,45150,300,N.data
302,10,best.heuristic,883,8,10
302,10,worst,2965,301,10
302,302,best.heuristic,2207,9,N.data
302,302,worst,45451,301,N.data
303,10,best.heuristic,885,8,10
303,10,worst,2975,302,10
303,303,best.heuristic,2216,9,N.data
303,303,worst,45753,302,N.data
304,10,best.heuristic,891,8,10
304,10,worst,2985,303,10
304,304,best.heuristic,2225,9,N.data
304,304,worst,46056,303,N.data
305,10,best.heuristic,893,8,10
305,10,worst,2995,304,10
305,305,best.heuristic,2234,9,N.data
305,305,worst,46360,304,N.data
306,10,best.heuristic,896,8,10
306,10,worst,3005,305,10
306,306,best.heuristic,2243,9,N.data
306,306,worst,46665,305,N.data
307,10,best.heuristic,898,8,10
307,10,worst,3015,306,10
307,307,best.heuristic,2252,9,N.data
307,307,worst,46971,306,N.data
308,10,best.heuristic,902,8,10
308,10,worst,3025,307,10
308,308,best.heuristic,2261,9,N.data
308,308,worst,47278,307,N.data
309,10,best.heuristic,904,8,10
309,10,worst,3035,308,10
309,309,best.heuristic,2270,9,N.data
309,309,worst,47586,308,N.data
311,10,best.heuristic,909,8,10
311,10,worst,3055,310,10
311,311,best.heuristic,2288,9,N.data
311,311,worst,48205,310,N.data
312,10,best.heuristic,914,8,10
312,10,worst,3065,311,10
312,312,best.heuristic,2297,9,N.data
312,312,worst,48516,311,N.data
313,10,best.heuristic,916,8,10
313,10,worst,3075,312,10
313,313,best.heuristic,2306,9,N.data
313,313,worst,48828,312,N.data
314,10,best.heuristic,919,8,10
314,10,worst,3085,313,10
314,314,best.heuristic,2315,9,N.data
314,314,worst,49141,313,N.data
315,10,best.heuristic,921,8,10
315,10,worst,3095,314,10
315,315,best.heuristic,2324,9,N.data
315,315,worst,49455,314,N.data
317,10,best.heuristic,927,8,10
317,10,worst,3115,316,10
317,317,best.heuristic,2342,9,N.data
317,317,worst,50086,316,N.data
318,10,best.heuristic,930,8,10
318,10,worst,3125,317,10
318,318,best.heuristic,2351,9,N.data
318,318,worst,50403,317,N.data
319,10,best.heuristic,932,8,10
319,10,worst,3135,318,10
319,319,best.heuristic,2360,9,N.data
319,319,worst,50721,318,N.data
320,10,best.heuristic,941,8,10
320,10,worst,3145,319,10
320,320,best.heuristic,2369,9,N.data
320,320,worst,51040,319,N.data
321,10,best.heuristic,943,8,10
321,10,worst,3155,320,10
321,321,best.heuristic,2378,9,N.data
321,321,worst,51360,320,N.data
322,10,best.heuristic,946,8,10
322,10,worst,3165,321,10
322,322,best.heuristic,2387,9,N.data
322,322,worst,51681,321,N.data
323,10,best.heuristic,948,8,10
323,10,worst,3175,322,10
323,323,best.heuristic,2396,9,N.data
323,323,worst,52003,322,N.data
324,10,best.heuristic,952,8,10
324,10,worst,3185,323,10
324,324,best.heuristic,2405,9,N.data
324,324,worst,52326,323,N.data
326,10,best.heuristic,957,8,10
326,10,worst,3205,325,10
326,326,best.heuristic,2423,9,N.data
326,326,worst,52975,325,N.data
328,10,best.heuristic,964,8,10
328,10,worst,3225,327,10
328,328,best.heuristic,2441,9,N.data
328,328,worst,53628,327,N.data
329,10,best.heuristic,966,8,10
329,10,worst,3235,328,10
329,329,best.heuristic,2450,9,N.data
329,329,worst,53956,328,N.data
330,10,best.heuristic,969,8,10
330,10,worst,3245,329,10
330,330,best.heuristic,2459,9,N.data
330,330,worst,54285,329,N.data
331,10,best.heuristic,971,8,10
331,10,worst,3255,330,10
331,331,best.heuristic,2468,9,N.data
331,331,worst,54615,330,N.data
332,10,best.heuristic,975,8,10
332,10,worst,3265,331,10
332,332,best.heuristic,2477,9,N.data
332,332,worst,54946,331,N.data
333,10,best.heuristic,977,8,10
333,10,worst,3275,332,10
333,333,best.heuristic,2486,9,N.data
333,333,worst,55278,332,N.data
337,10,best.heuristic,990,8,10
337,10,worst,3315,336,10
337,337,best.heuristic,2522,9,N.data
337,337,worst,56616,336,N.data
341,10,best.heuristic,1001,8,10
341,10,worst,3355,340,10
341,341,best.heuristic,2558,9,N.data
341,341,worst,57970,340,N.data
344,10,best.heuristic,1011,8,10
344,10,worst,3385,343,10
344,344,best.heuristic,2585,9,N.data
344,344,worst,58996,343,N.data
347,10,best.heuristic,1018,8,10
347,10,worst,3415,346,10
347,347,best.heuristic,2612,9,N.data
347,347,worst,60031,346,N.data
348,10,best.heuristic,1022,8,10
348,10,worst,3425,347,10
348,348,best.heuristic,2621,9,N.data
348,348,worst,60378,347,N.data
351,10,best.heuristic,1029,8,10
351,10,worst,3455,350,10
351,351,best.heuristic,2648,9,N.data
351,351,worst,61425,350,N.data
352,10,best.heuristic,1036,8,10
352,10,worst,3465,351,10
352,352,best.heuristic,2657,9,N.data
352,352,worst,61776,351,N.data
353,10,best.heuristic,1038,8,10
353,10,worst,3475,352,10
353,353,best.heuristic,2666,9,N.data
353,353,worst,62128,352,N.data
357,10,best.heuristic,1049,8,10
357,10,worst,3515,356,10
357,357,best.heuristic,2702,9,N.data
357,357,worst,63546,356,N.data
359,10,best.heuristic,1054,8,10
359,10,worst,3535,358,10
359,359,best.heuristic,2720,9,N.data
359,359,worst,64261,358,N.data
360,10,best.heuristic,1059,8,10
360,10,worst,3545,359,10
360,360,best.heuristic,2729,9,N.data
360,360,worst,64620,359,N.data
361,10,best.heuristic,1061,8,10
361,10,worst,3555,360,10
361,361,best.heuristic,2738,9,N.data
361,361,worst,64980,360,N.data
366,10,best.heuristic,1075,8,10
366,10,worst,3605,365,10
366,366,best.heuristic,2783,9,N.data
366,366,worst,66795,365,N.data
367,10,best.heuristic,1077,8,10
367,10,worst,3615,366,10
367,367,best.heuristic,2792,9,N.data
367,367,worst,67161,366,N.data
369,10,best.heuristic,1085,8,10
369,10,worst,3635,368,10
369,369,best.heuristic,2810,9,N.data
369,369,worst,67896,368,N.data
373,10,best.heuristic,1096,8,10
373,10,worst,3675,372,10
373,373,best.heuristic,2846,9,N.data
373,373,worst,69378,372,N.data
374,10,best.heuristic,1099,8,10
374,10,worst,3685,373,10
374,374,best.heuristic,2855,9,N.data
374,374,worst,69751,373,N.data
376,10,best.heuristic,1106,8,10
376,10,worst,3705,375,10
376,376,best.heuristic,2873,9,N.data
376,376,worst,70500,375,N.data
377,10,best.heuristic,1108,8,10
377,10,worst,3715,376,10
377,377,best.heuristic,2882,9,N.data
377,377,worst,70876,376,N.data
378,10,best.heuristic,1111,8,10
378,10,worst,3725,377,10
378,378,best.heuristic,2891,9,N.data
378,378,worst,71253,377,N.data
379,10,best.heuristic,1113,8,10
379,10,worst,3735,378,10
379,379,best.heuristic,2900,9,N.data
379,379,worst,71631,378,N.data
380,10,best.heuristic,1117,8,10
380,10,worst,3745,379,10
380,380,best.heuristic,2909,9,N.data
380,380,worst,72010,379,N.data
381,10,best.heuristic,1119,8,10
381,10,worst,3755,380,10
381,381,best.heuristic,2918,9,N.data
381,381,worst,72390,380,N.data
382,10,best.heuristic,1122,8,10
382,10,worst,3765,381,10
382,382,best.heuristic,2927,9,N.data
382,382,worst,72771,381,N.data
383,10,best.heuristic,1124,8,10
383,10,worst,3775,382,10
383,383,best.heuristic,2936,9,N.data
383,383,worst,73153,382,N.data
384,10,best.heuristic,1132,9,10
384,10,worst,3785,383,10
384,384,best.heuristic,2945,9,N.data
384,384,worst,73536,383,N.data
385,10,best.heuristic,1134,9,10
385,10,worst,3795,384,10
385,385,best.heuristic,2954,9,N.data
385,385,worst,73920,384,N.data
386,10,best.heuristic,1137,9,10
386,10,worst,3805,385,10
386,386,best.heuristic,2963,9,N.data
386,386,worst,74305,385,N.data
387,10,best.heuristic,1139,9,10
387,10,worst,3815,386,10
387,387,best.heuristic,2972,9,N.data
387,387,worst,74691,386,N.data
388,10,best.heuristic,1143,9,10
388,10,worst,3825,387,10
388,388,best.heuristic,2981,9,N.data
388,388,worst,75078,387,N.data
389,10,best.heuristic,1145,9,10
389,10,worst,3835,388,10
389,389,best.heuristic,2990,9,N.data
389,389,worst,75466,388,N.data
390,10,best.heuristic,1148,9,10
390,10,worst,3845,389,10
390,390,best.heuristic,2999,9,N.data
390,390,worst,75855,389,N.data
391,10,best.heuristic,1150,9,10
391,10,worst,3855,390,10
391,391,best.heuristic,3008,9,N.data
391,391,worst,76245,390,N.data
393,10,best.heuristic,1157,9,10
393,10,worst,3875,392,10
393,393,best.heuristic,3026,9,N.data
393,393,worst,77028,392,N.data
394,10,best.heuristic,1160,9,10
394,10,worst,3885,393,10
394,394,best.heuristic,3035,9,N.data
394,394,worst,77421,393,N.data
395,10,best.heuristic,1162,9,10
395,10,worst,3895,394,10
395,395,best.heuristic,3044,9,N.data
395,395,worst,77815,394,N.data
396,10,best.heuristic,1166,9,10
396,10,worst,3905,395,10
396,396,best.heuristic,3053,9,N.data
396,396,worst,78210,395,N.data
397,10,best.heuristic,1168,9,10
397,10,worst,3915,396,10
397,397,best.heuristic,3062,9,N.data
397,397,worst,78606,396,N.data
399,10,best.heuristic,1173,9,10
399,10,worst,3935,398,10
399,399,best.heuristic,3080,9,N.data
399,399,worst,79401,398,N.data
400,10,best.heuristic,1179,9,10
400,10,worst,3945,399,10
400,400,best.heuristic,3089,9,N.data
400,400,worst,79800,399,N.data
402,10,best.heuristic,1184,9,10
402,10,worst,3965,401,10
402,402,best.heuristic,3107,9,N.data
402,402,worst,80601,401,N.data
403,10,best.heuristic,1186,9,10
403,10,worst,3975,402,10
403,403,best.heuristic,3116,9,N.data
403,403,worst,81003,402,N.data
404,10,best.heuristic,1190,9,10
404,10,worst,3985,403,10
404,404,best.heuristic,3125,9,N.data
404,404,worst,81406,403,N.data
405,10,best.heuristic,1192,9,10
405,10,worst,3995,404,10
405,405,best.heuristic,3134,9,N.data
405,405,worst,81810,404,N.data
406,10,best.heuristic,1195,9,10
406,10,worst,4005,405,10
406,406,best.heuristic,3143,9,N.data
406,406,worst,82215,405,N.data
407,10,best.heuristic,1197,9,10
407,10,worst,4015,406,10
407,407,best.heuristic,3152,9,N.data
407,407,worst,82621,406,N.data
408,10,best.heuristic,1202,9,10
408,10,worst,4025,407,10
408,408,best.heuristic,3161,9,N.data
408,408,worst,83028,407,N.data
409,10,best.heuristic,1204,9,10
409,10,worst,4035,408,10
409,409,best.heuristic,3170,9,N.data
409,409,worst,83436,408,N.data
410,10,best.heuristic,1207,9,10
410,10,worst,4045,409,10
410,410,best.heuristic,3179,9,N.data
410,410,worst,83845,409,N.data
411,10,best.heuristic,1209,9,10
411,10,worst,4055,410,10
411,411,best.heuristic,3188,9,N.data
411,411,worst,84255,410,N.data
412,10,best.heuristic,1213,9,10
412,10,worst,4065,411,10
412,412,best.heuristic,3197,9,N.data
412,412,worst,84666,411,N.data
413,10,best.heuristic,1215,9,10
413,10,worst,4075,412,10
413,413,best.heuristic,3206,9,N.data
413,413,worst,85078,412,N.data
414,10,best.heuristic,1218,9,10
414,10,worst,4085,413,10
414,414,best.heuristic,3215,9,N.data
414,414,worst,85491,413,N.data
415,10,best.heuristic,1220,9,10
415,10,worst,4095,414,10
415,415,best.heuristic,3224,9,N.data
415,415,worst,85905,414,N.data
416,10,best.heuristic,1227,9,10
416,10,worst,4105,415,10
416,416,best.heuristic,3233,9,N.data
416,416,worst,86320,415,N.data
420,10,best.heuristic,1238,9,10
420,10,worst,4145,419,10
420,420,best.heuristic,3269,9,N.data
420,420,worst,87990,419,N.data
422,10,best.heuristic,1243,9,10
422,10,worst,4165,421,10
422,422,best.heuristic,3287,9,N.data
422,422,worst,88831,421,N.data
424,10,best.heuristic,1250,9,10
424,10,worst,4185,423,10
424,424,best.heuristic,3305,9,N.data
424,424,worst,89676,423,N.data
425,10,best.heuristic,1252,9,10
425,10,worst,4195,424,10
425,425,best.heuristic,3314,9,N.data
425,425,worst,90100,424,N.data
427,10,best.heuristic,1257,9,10
427,10,worst,4215,426,10
427,427,best.heuristic,3332,9,N.data
427,427,worst,90951,426,N.data
428,10,best.heuristic,1261,9,10
428,10,worst,4225,427,10
428,428,best.heuristic,3341,9,N.data
428,428,worst,91378,427,N.data
429,10,best.heuristic,1263,9,10
429,10,worst,4235,428,10
429,429,best.heuristic,3350,9,N.data
429,429,worst,91806,428,N.data
430,10,best.heuristic,1266,9,10
430,10,worst,4245,429,10
430,430,best.heuristic,3359,9,N.data
430,430,worst,92235,429,N.data
431,10,best.heuristic,1268,9,10
431,10,worst,4255,430,10
431,431,best.heuristic,3368,9,N.data
431,431,worst,92665,430,N.data
432,10,best.heuristic,1274,9,10
432,10,worst,4265,431,10
432,432,best.heuristic,3377,9,N.data
432,432,worst,93096,431,N.data
434,10,best.heuristic,1279,9,10
434,10,worst,4285,433,10
434,434,best.heuristic,3395,9,N.data
434,434,worst,93961,433,N.data
435,10,best.heuristic,1281,9,10
435,10,worst,4295,434,10
435,435,best.heuristic,3404,9,N.data
435,435,worst,94395,434,N.data
437,10,best.heuristic,1287,9,10
437,10,worst,4315,436,10
437,437,best.heuristic,3422,9,N.data
437,437,worst,95266,436,N.data
438,10,best.heuristic,1290,9,10
438,10,worst,4325,437,10
438,438,best.heuristic,3431,9,N.data
438,438,worst,95703,437,N.data
439,10,best.heuristic,1292,9,10
439,10,worst,4335,438,10
439,439,best.heuristic,3440,9,N.data
439,439,worst,96141,438,N.data
441,10,best.heuristic,1299,9,10
441,10,worst,4355,440,10
441,441,best.heuristic,3458,9,N.data
441,441,worst,97020,440,N.data
443,10,best.heuristic,1304,9,10
443,10,worst,4375,442,10
443,443,best.heuristic,3476,9,N.data
443,443,worst,97903,442,N.data
444,10,best.heuristic,1308,9,10
444,10,worst,4385,443,10
444,444,best.heuristic,3485,9,N.data
444,444,worst,98346,443,N.data
445,10,best.heuristic,1310,9,10
445,10,worst,4395,444,10
445,445,best.heuristic,3494,9,N.data
445,445,worst,98790,444,N.data
446,10,best.heuristic,1313,9,10
446,10,worst,4405,445,10
446,446,best.heuristic,3503,9,N.data
446,446,worst,99235,445,N.data
447,10,best.heuristic,1315,9,10
447,10,worst,4415,446,10
447,447,best.heuristic,3512,9,N.data
447,447,worst,99681,446,N.data
448,10,best.heuristic,1323,9,10
448,10,worst,4425,447,10
448,448,best.heuristic,3521,9,N.data
448,448,worst,100128,447,N.data
449,10,best.heuristic,1325,9,10
449,10,worst,4435,448,10
449,449,best.heuristic,3530,9,N.data
449,449,worst,100576,448,N.data
450,10,best.heuristic,1328,9,10
450,10,worst,4445,449,10
450,450,best.heuristic,3539,9,N.data
450,450,worst,101025,449,N.data
451,10,best.heuristic,1330,9,10
451,10,worst,4455,450,10
451,451,best.heuristic,3548,9,N.data
451,451,worst,101475,450,N.data
452,10,best.heuristic,1334,9,10
452,10,worst,4465,451,10
452,452,best.heuristic,3557,9,N.data
452,452,worst,101926,451,N.data
453,10,best.heuristic,1336,9,10
453,10,worst,4475,452,10
453,453,best.heuristic,3566,9,N.data
453,453,worst,102378,452,N.data
454,10,best.heuristic,1339,9,10
454,10,worst,4485,453,10
454,454,best.heuristic,3575,9,N.data
454,454,worst,102831,453,N.data
456,10,best.heuristic,1346,9,10
456,10,worst,4505,455,10
456,456,best.heuristic,3593,9,N.data
456,456,worst,103740,455,N.data
457,10,best.heuristic,1348,9,10
457,10,worst,4515,456,10
457,457,best.heuristic,3602,9,N.data
457,457,worst,104196,456,N.data
458,10,best.heuristic,1351,9,10
458,10,worst,4525,457,10
458,458,best.heuristic,3611,9,N.data
458,458,worst,104653,457,N.data
459,10,best.heuristic,1353,9,10
459,10,worst,4535,458,10
459,459,best.heuristic,3620,9,N.data
459,459,worst,105111,458,N.data
460,10,best.heuristic,1357,9,10
460,10,worst,4545,459,10
460,460,best.heuristic,3629,9,N.data
460,460,worst,105570,459,N.data
461,10,best.heuristic,1359,9,10
461,10,worst,4555,460,10
461,461,best.heuristic,3638,9,N.data
461,461,worst,106030,460,N.data
462,10,best.heuristic,1362,9,10
462,10,worst,4565,461,10
462,462,best.heuristic,3647,9,N.data
462,462,worst,106491,461,N.data
463,10,best.heuristic,1364,9,10
463,10,worst,4575,462,10
463,463,best.heuristic,3656,9,N.data
463,463,worst,106953,462,N.data
464,10,best.heuristic,1370,9,10
464,10,worst,4585,463,10
464,464,best.heuristic,3665,9,N.data
464,464,worst,107416,463,N.data
465,10,best.heuristic,1372,9,10
465,10,worst,4595,464,10
465,465,best.heuristic,3674,9,N.data
465,465,worst,107880,464,N.data
466,10,best.heuristic,1375,9,10
466,10,worst,4605,465,10
466,466,best.heuristic,3683,9,N.data
466,466,worst,108345,465,N.data
467,10,best.heuristic,1377,9,10
467,10,worst,4615,466,10
467,467,best.heuristic,3692,9,N.data
467,467,worst,108811,466,N.data
468,10,best.heuristic,1381,9,10
468,10,worst,4625,467,10
468,468,best.heuristic,3701,9,N.data
468,468,worst,109278,467,N.data
469,10,best.heuristic,1383,9,10
469,10,worst,4635,468,10
469,469,best.heuristic,3710,9,N.data
469,469,worst,109746,468,N.data
470,10,best.heuristic,1386,9,10
470,10,worst,4645,469,10
470,470,best.heuristic,3719,9,N.data
470,470,worst,110215,469,N.data
471,10,best.heuristic,1388,9,10
471,10,worst,4655,470,10
471,471,best.heuristic,3728,9,N.data
471,471,worst,110685,470,N.data
472,10,best.heuristic,1393,9,10
472,10,worst,4665,471,10
472,472,best.heuristic,3737,9,N.data
472,472,worst,111156,471,N.data
473,10,best.heuristic,1395,9,10
473,10,worst,4675,472,10
473,473,best.heuristic,3746,9,N.data
473,473,worst,111628,472,N.data
474,10,best.heuristic,1398,9,10
474,10,worst,4685,473,10
474,474,best.heuristic,3755,9,N.data
474,474,worst,112101,473,N.data
475,10,best.heuristic,1400,9,10
475,10,worst,4695,474,10
475,475,best.heuristic,3764,9,N.data
475,475,worst,112575,474,N.data
476,10,best.heuristic,1404,9,10
476,10,worst,4705,475,10
476,476,best.heuristic,3773,9,N.data
476,476,worst,113050,475,N.data
477,10,best.heuristic,1406,9,10
477,10,worst,4715,476,10
477,477,best.heuristic,3782,9,N.data
477,477,worst,113526,476,N.data
478,10,best.heuristic,1409,9,10
478,10,worst,4725,477,10
478,478,best.heuristic,3791,9,N.data
478,478,worst,114003,477,N.data
479,10,best.heuristic,1411,9,10
479,10,worst,4735,478,10
479,479,best.heuristic,3800,9,N.data
479,479,worst,114481,478,N.data
481,10,best.heuristic,1420,9,10
481,10,worst,4755,480,10
481,481,best.heuristic,3818,9,N.data
481,481,worst,115440,480,N.data
482,10,best.heuristic,1423,9,10
482,10,worst,4765,481,10
482,482,best.heuristic,3827,9,N.data
482,482,worst,115921,481,N.data
484,10,best.heuristic,1429,9,10
484,10,worst,4785,483,10
484,484,best.heuristic,3845,9,N.data
484,484,worst,116886,483,N.data
485,10,best.heuristic,1431,9,10
485,10,worst,4795,484,10
485,485,best.heuristic,3854,9,N.data
485,485,worst,117370,484,N.data
486,10,best.heuristic,1434,9,10
486,10,worst,4805,485,10
486,486,best.heuristic,3863,9,N.data
486,486,worst,117855,485,N.data
487,10,best.heuristic,1436,9,10
487,10,worst,4815,486,10
487,487,best.heuristic,3872,9,N.data
487,487,worst,118341,486,N.data
489,10,best.heuristic,1443,9,10
489,10,worst,4835,488,10
489,489,best.heuristic,3890,9,N.data
489,489,worst,119316,488,N.data
490,10,best.heuristic,1446,9,10
490,10,worst,4845,489,10
490,490,best.heuristic,3899,9,N.data
490,490,worst,119805,489,N.data
491,10,best.heuristic,1448,9,10
491,10,worst,4855,490,10
491,491,best.heuristic,3908,9,N.data
491,491,worst,120295,490,N.data
492,10,best.heuristic,1452,9,10
492,10,worst,4865,491,10
492,492,best.heuristic,3917,9,N.data
492,492,worst,120786,491,N.data
493,10,best.heuristic,1454,9,10
493,10,worst,4875,492,10
493,493,best.heuristic,3926,9,N.data
493,493,worst,121278,492,N.data
494,10,best.heuristic,1457,9,10
494,10,worst,4885,493,10
494,494,best.heuristic,3935,9,N.data
494,494,worst,121771,493,N.data
495,10,best.heuristic,1459,9,10
495,10,worst,4895,494,10
495,495,best.heuristic,3944,9,N.data
495,495,worst,122265,494,N.data
496,10,best.heuristic,1465,9,10
496,10,worst,4905,495,10
496,496,best.heuristic,3953,9,N.data
496,496,worst,122760,495,N.data
497,10,best.heuristic,1467,9,10
497,10,worst,4915,496,10
497,497,best.heuristic,3962,9,N.data
497,497,worst,123256,496,N.data
498,10,best.heuristic,1470,9,10
498,10,worst,4925,497,10
498,498,best.heuristic,3971,9,N.data
498,498,worst,123753,497,N.data
499,10,best.heuristic,1472,9,10
499,10,worst,4935,498,10
499,499,best.heuristic,3980,9,N.data
499,499,worst,124251,498,N.data
500,10,best.heuristic,1476,9,10
500,10,worst,4945,499,10
500,500,best.heuristic,3989,9,N.data
500,500,worst,124750,499,N.data
501,10,best.heuristic,1478,9,10
501,10,worst,4955,500,10
501,501,best.heuristic,3998,9,N.data
501,501,worst,125250,500,N.data
502,10,best.heuristic,1481,9,10
502,10,worst,4965,501,10
502,502,best.heuristic,4007,9,N.data
502,502,worst,125751,501,N.data
503,10,best.heuristic,1483,9,10
503,10,worst,4975,502,10
503,503,best.heuristic,4016,9,N.data
503,503,worst,126253,502,N.data
504,10,best.heuristic,1488,9,10
504,10,worst,4985,503,10
504,504,best.heuristic,4025,9,N.data
504,504,worst,126756,503,N.data
505,10,best.heuristic,1490,9,10
505,10,worst,4995,504,10
505,505,best.heuristic,4034,9,N.data
505,505,worst,127260,504,N.data
506,10,best.heuristic,1493,9,10
506,10,worst,5005,505,10
506,506,best.heuristic,4043,9,N.data
506,506,worst,127765,505,N.data
507,10,best.heuristic,1495,9,10
507,10,worst,5015,506,10
507,507,best.heuristic,4052,9,N.data
507,507,worst,128271,506,N.data
508,10,best.heuristic,1499,9,10
508,10,worst,5025,507,10
508,508,best.heuristic,4061,9,N.data
508,508,worst,128778,507,N.data
509,10,best.heuristic,1501,9,10
509,10,worst,5035,508,10
509,509,best.heuristic,4070,9,N.data
509,509,worst,129286,508,N.data
520,10,best.heuristic,1538,9,10
520,10,worst,5145,519,10
520,520,best.heuristic,4177,10,N.data
520,520,worst,134940,519,N.data
523,10,best.heuristic,1545,9,10
523,10,worst,5175,522,10
523,523,best.heuristic,4207,10,N.data
523,523,worst,136503,522,N.data
526,10,best.heuristic,1554,9,10
526,10,worst,5205,525,10
526,526,best.heuristic,4237,10,N.data
526,526,worst,138075,525,N.data
528,10,best.heuristic,1562,9,10
528,10,worst,5225,527,10
528,528,best.heuristic,4257,10,N.data
528,528,worst,139128,527,N.data
529,10,best.heuristic,1564,9,10
529,10,worst,5235,528,10
529,529,best.heuristic,4267,10,N.data
529,529,worst,139656,528,N.data
530,10,best.heuristic,1567,9,10
530,10,worst,5245,529,10
530,530,best.heuristic,4277,10,N.data
530,530,worst,140185,529,N.data
531,10,best.heuristic,1569,9,10
531,10,worst,5255,530,10
531,531,best.heuristic,4287,10,N.data
531,531,worst,140715,530,N.data
532,10,best.heuristic,1573,9,10
532,10,worst,5265,531,10
532,532,best.heuristic,4297,10,N.data
532,532,worst,141246,531,N.data
533,10,best.heuristic,1575,9,10
533,10,worst,5275,532,10
533,533,best.heuristic,4307,10,N.data
533,533,worst,141778,532,N.data
534,10,best.heuristic,1578,9,10
534,10,worst,5285,533,10
534,534,best.heuristic,4317,10,N.data
534,534,worst,142311,533,N.data
549,10,best.heuristic,1623,9,10
549,10,worst,5435,548,10
549,549,best.heuristic,4467,10,N.data
549,549,worst,150426,548,N.data
560,10,best.heuristic,1657,9,10
560,10,worst,5545,559,10
560,560,best.heuristic,4577,10,N.data
560,560,worst,156520,559,N.data
583,10,best.heuristic,1724,9,10
583,10,worst,5775,582,10
583,583,best.heuristic,4807,10,N.data
583,583,worst,169653,582,N.data
603,10,best.heuristic,1783,9,10
603,10,worst,5975,602,10
603,603,best.heuristic,5007,10,N.data
603,603,worst,181503,602,N.data
606,10,best.heuristic,1792,9,10
606,10,worst,6005,605,10
606,606,best.heuristic,5037,10,N.data
606,606,worst,183315,605,N.data
608,10,best.heuristic,1801,9,10
608,10,worst,6025,607,10
608,608,best.heuristic,5057,10,N.data
608,608,worst,184528,607,N.data
610,10,best.heuristic,1806,9,10
610,10,worst,6045,609,10
610,610,best.heuristic,5077,10,N.data
610,610,worst,185745,609,N.data
611,10,best.heuristic,1808,9,10
611,10,worst,6055,610,10
611,611,best.heuristic,5087,10,N.data
611,611,worst,186355,610,N.data
615,10,best.heuristic,1819,9,10
615,10,worst,6095,614,10
615,615,best.heuristic,5127,10,N.data
615,615,worst,188805,614,N.data
616,10,best.heuristic,1824,9,10
616,10,worst,6105,615,10
616,616,best.heuristic,5137,10,N.data
616,616,worst,189420,615,N.data
619,10,best.heuristic,1831,9,10
619,10,worst,6135,618,10
619,619,best.heuristic,5167,10,N.data
619,619,worst,191271,618,N.data
624,10,best.heuristic,1848,9,10
624,10,worst,6185,623,10
624,624,best.heuristic,5217,10,N.data
624,624,worst,194376,623,N.data
628,10,best.heuristic,1859,9,10
628,10,worst,6225,627,10
628,628,best.heuristic,5257,10,N.data
628,628,worst,196878,627,N.data
629,10,best.heuristic,1861,9,10
629,10,worst,6235,628,10
629,629,best.heuristic,5267,10,N.data
629,629,worst,197506,628,N.data
630,10,best.heuristic,1864,9,10
630,10,worst,6245,629,10
630,630,best.heuristic,5277,10,N.data
630,630,worst,198135,629,N.data
631,10,best.heuristic,1866,9,10
631,10,worst,6255,630,10
631,631,best.heuristic,5287,10,N.data
631,631,worst,198765,630,N.data
633,10,best.heuristic,1873,9,10
633,10,worst,6275,632,10
633,633,best.heuristic,5307,10,N.data
633,633,worst,200028,632,N.data
634,10,best.heuristic,1876,9,10
634,10,worst,6285,633,10
634,634,best.heuristic,5317,10,N.data
634,634,worst,200661,633,N.data
635,10,best.heuristic,1878,9,10
635,10,worst,6295,634,10
635,635,best.heuristic,5327,10,N.data
635,635,worst,201295,634,N.data
636,10,best.heuristic,1882,9,10
636,10,worst,6305,635,10
636,636,best.heuristic,5337,10,N.data
636,636,worst,201930,635,N.data
637,10,best.heuristic,1884,9,10
637,10,worst,6315,636,10
637,637,best.heuristic,5347,10,N.data
637,637,worst,202566,636,N.data
638,10,best.heuristic,1887,9,10
638,10,worst,6325,637,10
638,638,best.heuristic,5357,10,N.data
638,638,worst,203203,637,N.data
639,10,best.heuristic,1889,9,10
639,10,worst,6335,638,10
639,639,best.heuristic,5367,10,N.data
639,639,worst,203841,638,N.data
640,10,best.heuristic,1898,9,10
640,10,worst,6345,639,10
640,640,best.heuristic,5377,10,N.data
640,640,worst,204480,639,N.data
641,10,best.heuristic,1900,9,10
641,10,worst,6355,640,10
641,641,best.heuristic,5387,10,N.data
641,641,worst,205120,640,N.data
642,10,best.heuristic,1903,9,10
642,10,worst,6365,641,10
642,642,best.heuristic,5397,10,N.data
642,642,worst,205761,641,N.data
643,10,best.heuristic,1905,9,10
643,10,worst,6375,642,10
643,643,best.heuristic,5407,10,N.data
643,643,worst,206403,642,N.data
644,10,best.heuristic,1909,9,10
644,10,worst,6385,643,10
644,644,best.heuristic,5417,10,N.data
644,644,worst,207046,643,N.data
645,10,best.heuristic,1911,9,10
645,10,worst,6395,644,10
645,645,best.heuristic,5427,10,N.data
645,645,worst,207690,644,N.data
646,10,best.heuristic,1914,9,10
646,10,worst,6405,645,10
646,646,best.heuristic,5437,10,N.data
646,646,worst,208335,645,N.data
647,10,best.heuristic,1916,9,10
647,10,worst,6415,646,10
647,647,best.heuristic,5447,10,N.data
647,647,worst,208981,646,N.data
648,10,best.heuristic,1921,9,10
648,10,worst,6425,647,10
648,648,best.heuristic,5457,10,N.data
648,648,worst,209628,647,N.data
649,10,best.heuristic,1923,9,10
649,10,worst,6435,648,10
649,649,best.heuristic,5467,10,N.data
649,649,worst,210276,648,N.data
650,10,best.heuristic,1926,9,10
650,10,worst,6445,649,10
650,650,best.heuristic,5477,10,N.data
650,650,worst,210925,649,N.data
651,10,best.heuristic,1928,9,10
651,10,worst,6455,650,10
651,651,best.heuristic,5487,10,N.data
651,651,worst,211575,650,N.data
654,10,best.heuristic,1937,9,10
654,10,worst,6485,653,10
654,654,best.heuristic,5517,10,N.data
654,654,worst,213531,653,N.data
847,10,best.heuristic,2514,9,10
847,10,worst,8415,846,10
847,847,best.heuristic,7447,10,N.data
847,847,worst,358281,846,N.data
848,10,best.heuristic,2520,9,10
848,10,worst,8425,847,10
848,848,best.heuristic,7457,10,N.data
848,848,worst,359128,847,N.data
849,10,best.heuristic,2522,9,10
849,10,worst,8435,848,10
849,849,best.heuristic,7467,10,N.data
849,849,worst,359976,848,N.data
865,10,best.heuristic,2570,9,10
865,10,worst,8595,864,10
865,865,best.heuristic,7627,10,N.data
865,865,worst,373680,864,N.data
867,10,best.heuristic,2575,9,10
867,10,worst,8615,866,10
867,867,best.heuristic,7647,10,N.data
867,867,worst,375411,866,N.data
868,10,best.heuristic,2579,9,10
868,10,worst,8625,867,10
868,868,best.heuristic,7657,10,N.data
868,868,worst,376278,867,N.data
869,10,best.heuristic,2581,9,10
869,10,worst,8635,868,10
869,869,best.heuristic,7667,10,N.data
869,869,worst,377146,868,N.data
870,10,best.heuristic,2584,9,10
870,10,worst,8645,869,10
870,870,best.heuristic,7677,10,N.data
870,870,worst,378015,869,N.data
1381,10,best.heuristic,4115,9,10
1381,10,worst,13755,1380,10
1381,1381,best.heuristic,13144,11,N.data
1381,1381,worst,952890,1380,N.data
1382,10,best.heuristic,4118,9,10
1382,10,worst,13765,1381,10
1382,1382,best.heuristic,13155,11,N.data
1382,1382,worst,954271,1381,N.data
1383,10,best.heuristic,4120,9,10
1383,10,worst,13775,1382,10
1383,1383,best.heuristic,13166,11,N.data
1383,1383,worst,955653,1382,N.data
1384,10,best.heuristic,4125,9,10
1384,10,worst,13785,1383,10
1384,1384,best.heuristic,13177,11,N.data
1384,1384,worst,957036,1383,N.data
1385,10,best.heuristic,4127,9,10
1385,10,worst,13795,1384,10
1385,1385,best.heuristic,13188,11,N.data
1385,1385,worst,958420,1384,N.data
1485,10,best.heuristic,4426,9,10
1485,10,worst,14795,1484,10
1485,1485,best.heuristic,14288,11,N.data
1485,1485,worst,1101870,1484,N.data
1486,10,best.heuristic,4429,9,10
1486,10,worst,14805,1485,10
1486,1486,best.heuristic,14299,11,N.data
1486,1486,worst,1103355,1485,N.data
1487,10,best.heuristic,4431,9,10
1487,10,worst,14815,1486,10
1487,1487,best.heuristic,14310,11,N.data
1487,1487,worst,1104841,1486,N.data
1488,10,best.heuristic,4437,9,10
1488,10,worst,14825,1487,10
1488,1488,best.heuristic,14321,11,N.data
1488,1488,worst,1106328,1487,N.data
1860,10,best.heuristic,5552,9,10
1860,10,worst,18545,1859,10
1860,1860,best.heuristic,18413,11,N.data
1860,1860,worst,1728870,1859,N.data
1861,10,best.heuristic,5554,9,10
1861,10,worst,18555,1860,10
1861,1861,best.heuristic,18424,11,N.data
1861,1861,worst,1730730,1860,N.data
1862,10,best.heuristic,5557,9,10
1862,10,worst,18565,1861,10
1862,1862,best.heuristic,18435,11,N.data
1862,1862,worst,1732591,1861,N.data
1864,10,best.heuristic,5564,9,10
1864,10,worst,18585,1863,10
1864,1864,best.heuristic,18457,11,N.data
1864,1864,worst,1736316,1863,N.data
1865,10,best.heuristic,5566,9,10
1865,10,worst,18595,1864,10
1865,1865,best.heuristic,18468,11,N.data
1865,1865,worst,1738180,1864,N.data
1944,10,best.heuristic,5803,9,10
1944,10,worst,19385,1943,10
1944,1944,best.heuristic,19337,11,N.data
1944,1944,worst,1888596,1943,N.data
1946,10,best.heuristic,5808,9,10
1946,10,worst,19405,1945,10
1946,1946,best.heuristic,19359,11,N.data
1946,1946,worst,1892485,1945,N.data
1947,10,best.heuristic,5810,9,10
1947,10,worst,19415,1946,10
1947,1947,best.heuristic,19370,11,N.data
1947,1947,worst,1894431,1946,N.data
1948,10,best.heuristic,5814,9,10
1948,10,worst,19425,1947,10
1948,1948,best.heuristic,19381,11,N.data
1948,1948,worst,1896378,1947,N.data
1951,10,best.heuristic,5821,9,10
1951,10,worst,19455,1950,10
1951,1951,best.heuristic,19414,11,N.data
1951,1951,worst,1902225,1950,N.data
1953,10,best.heuristic,5830,9,10
1953,10,worst,19475,1952,10
1953,1953,best.heuristic,19436,11,N.data
1953,1953,worst,1906128,1952,N.data
1954,10,best.heuristic,5833,9,10
1954,10,worst,19485,1953,10
1954,1954,best.heuristic,19447,11,N.data
1954,1954,worst,1908081,1953,N.data
1955,10,best.heuristic,5835,9,10
1955,10,worst,19495,1954,10
1955,1955,best.heuristic,19458,11,N.data
1955,1955,worst,1910035,1954,N.data
1956,10,best.heuristic,5839,9,10
1956,10,worst,19505,1955,10
1956,1956,best.heuristic,19469,11,N.data
1956,1956,worst,1911990,1955,N.data
2033,10,best.heuristic,6068,9,10
2033,10,worst,20275,2032,10
2033,2033,best.heuristic,20316,11,N.data
2033,2033,worst,2065528,2032,N.data
2034,10,best.heuristic,6071,9,10
2034,10,worst,20285,2033,10
2034,2034,best.heuristic,20327,11,N.data
2034,2034,worst,2067561,2033,N.data
2035,10,best.heuristic,6073,9,10
2035,10,worst,20295,2034,10
2035,2035,best.heuristic,20338,11,N.data
2035,2035,worst,2069595,2034,N.data
2036,10,best.heuristic,6077,9,10
2036,10,worst,20305,2035,10
2036,2036,best.heuristic,20349,11,N.data
2036,2036,worst,2071630,2035,N.data
2037,10,best.heuristic,6079,9,10
2037,10,worst,20315,2036,10
2037,2037,best.heuristic,20360,11,N.data
2037,2037,worst,2073666,2036,N.data
2199,10,best.heuristic,6565,9,10
2199,10,worst,21935,2198,10
2199,2199,best.heuristic,22293,12,N.data
2199,2199,worst,2416701,2198,N.data
2200,10,best.heuristic,6570,9,10
2200,10,worst,21945,2199,10
2200,2200,best.heuristic,22305,12,N.data
2200,2200,worst,2418900,2199,N.data
2201,10,best.heuristic,6572,9,10
2201,10,worst,21955,2200,10
2201,2201,best.heuristic,22317,12,N.data
2201,2201,worst,2421100,2200,N.data
2202,10,best.heuristic,6575,9,10
2202,10,worst,21965,2201,10
2202,2202,best.heuristic,22329,12,N.data
2202,2202,worst,2423301,2201,N.data
2203,10,best.heuristic,6577,9,10
2203,10,worst,21975,2202,10
2203,2203,best.heuristic,22341,12,N.data
2203,2203,worst,2425503,2202,N.data
2205,10,best.heuristic,6583,9,10
2205,10,worst,21995,2204,10
2205,2205,best.heuristic,22365,12,N.data
2205,2205,worst,2429910,2204,N.data
2383,10,best.heuristic,7116,9,10
2383,10,worst,23775,2382,10
2383,2383,best.heuristic,24501,12,N.data
2383,2383,worst,2838153,2382,N.data
2385,10,best.heuristic,7124,9,10
2385,10,worst,23795,2384,10
2385,2385,best.heuristic,24525,12,N.data
2385,2385,worst,2842920,2384,N.data
2386,10,best.heuristic,7127,9,10
2386,10,worst,23805,2385,10
2386,2386,best.heuristic,24537,12,N.data
2386,2386,worst,2845305,2385,N.data
2387,10,best.heuristic,7129,9,10
2387,10,worst,23815,2386,10
2387,2387,best.heuristic,24549,12,N.data
2387,2387,worst,2847691,2386,N.data
2388,10,best.heuristic,7133,9,10
2388,10,worst,23825,2387,10
2388,2388,best.heuristic,24561,12,N.data
2388,2388,worst,2850078,2387,N.data
2389,10,best.heuristic,7135,9,10
2389,10,worst,23835,2388,10
2389,2389,best.heuristic,24573,12,N.data
2389,2389,worst,2852466,2388,N.data
2390,10,best.heuristic,7138,9,10
2390,10,worst,23845,2389,10
2390,2390,best.heuristic,24585,12,N.data
2390,2390,worst,2854855,2389,N.data
3005,10,best.heuristic,8979,9,10
3005,10,worst,29995,3004,10
3005,3005,best.heuristic,31965,12,N.data
3005,3005,worst,4513510,3004,N.data
3006,10,best.heuristic,8982,9,10
3006,10,worst,30005,3005,10
3006,3006,best.heuristic,31977,12,N.data
3006,3006,worst,4516515,3005,N.data
3007,10,best.heuristic,8984,9,10
3007,10,worst,30015,3006,10
3007,3007,best.heuristic,31989,12,N.data
3007,3007,worst,4519521,3006,N.data
3008,10,best.heuristic,8992,9,10
3008,10,worst,30025,3007,10
3008,3008,best.heuristic,32001,12,N.data
3008,3008,worst,4522528,3007,N.data
3009,10,best.heuristic,8994,9,10
3009,10,worst,30035,3008,10
3009,3009,best.heuristic,32013,12,N.data
3009,3009,worst,4525536,3008,N.data
3010,10,best.heuristic,8997,9,10
3010,10,worst,30045,3009,10
3010,3010,best.heuristic,32025,12,N.data
3010,3010,worst,4528545,3009,N.data
3011,10,best.heuristic,8999,9,10
3011,10,worst,30055,3010,10
3011,3011,best.heuristic,32037,12,N.data
3011,3011,worst,4531555,3010,N.data
3012,10,best.heuristic,9003,9,10
3012,10,worst,30065,3011,10
3012,3012,best.heuristic,32049,12,N.data
3012,3012,worst,4534566,3011,N.data
3241,10,best.heuristic,9688,9,10
3241,10,worst,32355,3240,10
3241,3241,best.heuristic,34797,12,N.data
3241,3241,worst,5250420,3240,N.data
3245,10,best.heuristic,9699,9,10
3245,10,worst,32395,3244,10
3245,3245,best.heuristic,34845,12,N.data
3245,3245,worst,5263390,3244,N.data
3246,10,best.heuristic,9702,9,10
3246,10,worst,32405,3245,10
3246,3246,best.heuristic,34857,12,N.data
3246,3246,worst,5266635,3245,N.data
3247,10,best.heuristic,9704,9,10
3247,10,worst,32415,3246,10
3247,3247,best.heuristic,34869,12,N.data
3247,3247,worst,5269881,3246,N.data
3248,10,best.heuristic,9710,9,10
3248,10,worst,32425,3247,10
3248,3248,best.heuristic,34881,12,N.data
3248,3248,worst,5273128,3247,N.data
3249,10,best.heuristic,9712,9,10
3249,10,worst,32435,3248,10
3249,3249,best.heuristic,34893,12,N.data
3249,3249,worst,5276376,3248,N.data
3250,10,best.heuristic,9715,9,10
3250,10,worst,32445,3249,10
3250,3250,best.heuristic,34905,12,N.data
3250,3250,worst,5279625,3249,N.data
3252,10,best.heuristic,9721,9,10
3252,10,worst,32465,3251,10
3252,3252,best.heuristic,34929,12,N.data
3252,3252,worst,5286126,3251,N.data
3253,10,best.heuristic,9723,9,10
3253,10,worst,32475,3252,10
3253,3253,best.heuristic,34941,12,N.data
3253,3253,worst,5289378,3252,N.data
3254,10,best.heuristic,9726,9,10
3254,10,worst,32485,3253,10
3254,3254,best.heuristic,34953,12,N.data
3254,3254,worst,5292631,3253,N.data
3255,10,best.heuristic,9728,9,10
3255,10,worst,32495,3254,10
3255,3255,best.heuristic,34965,12,N.data
3255,3255,worst,5295885,3254,N.data
3256,10,best.heuristic,9733,9,10
3256,10,worst,32505,3255,10
3256,3256,best.heuristic,34977,12,N.data
3256,3256,worst,5299140,3255,N.data
3283,10,best.heuristic,9813,9,10
3283,10,worst,32775,3282,10
3283,3283,best.heuristic,35301,12,N.data
3283,3283,worst,5387403,3282,N.data
3285,10,best.heuristic,9819,9,10
3285,10,worst,32795,3284,10
3285,3285,best.heuristic,35325,12,N.data
3285,3285,worst,5393970,3284,N.data
3286,10,best.heuristic,9822,9,10
3286,10,worst,32805,3285,10
3286,3286,best.heuristic,35337,12,N.data
3286,3286,worst,5397255,3285,N.data
3287,10,best.heuristic,9824,9,10
3287,10,worst,32815,3286,10
3287,3287,best.heuristic,35349,12,N.data
3287,3287,worst,5400541,3286,N.data
3289,10,best.heuristic,9831,9,10
3289,10,worst,32835,3288,10
3289,3289,best.heuristic,35373,12,N.data
3289,3289,worst,5407116,3288,N.data
3290,10,best.heuristic,9834,9,10
3290,10,worst,32845,3289,10
3290,3290,best.heuristic,35385,12,N.data
3290,3290,worst,5410405,3289,N.data
3291,10,best.heuristic,9836,9,10
3291,10,worst,32855,3290,10
3291,3291,best.heuristic,35397,12,N.data
3291,3291,worst,5413695,3290,N.data
3553,10,best.heuristic,10623,9,10
3553,10,worst,35475,3552,10
3553,3553,best.heuristic,38541,12,N.data
3553,3553,worst,6310128,3552,N.data
3554,10,best.heuristic,10626,9,10
3554,10,worst,35485,3553,10
3554,3554,best.heuristic,38553,12,N.data
3554,3554,worst,6313681,3553,N.data
3555,10,best.heuristic,10628,9,10
3555,10,worst,35495,3554,10
3555,3555,best.heuristic,38565,12,N.data
3555,3555,worst,6317235,3554,N.data
3556,10,best.heuristic,10632,9,10
3556,10,worst,35505,3555,10
3556,3556,best.heuristic,38577,12,N.data
3556,3556,worst,6320790,3555,N.data
3557,10,best.heuristic,10634,9,10
3557,10,worst,35515,3556,10
3557,3557,best.heuristic,38589,12,N.data
3557,3557,worst,6324346,3556,N.data
3558,10,best.heuristic,10637,9,10
3558,10,worst,35525,3557,10
3558,3558,best.heuristic,38601,12,N.data
3558,3558,worst,6327903,3557,N.data
3559,10,best.heuristic,10639,9,10
3559,10,worst,35535,3558,10
3559,3559,best.heuristic,38613,12,N.data
3559,3559,worst,6331461,3558,N.data
3560,10,best.heuristic,10644,9,10
3560,10,worst,35545,3559,10
3560,3560,best.heuristic,38625,12,N.data
3560,3560,worst,6335020,3559,N.data
3766,10,best.heuristic,11260,9,10
3766,10,worst,37605,3765,10
3766,3766,best.heuristic,41097,12,N.data
3766,3766,worst,7089495,3765,N.data
3769,10,best.heuristic,11269,9,10
3769,10,worst,37635,3768,10
3769,3769,best.heuristic,41133,12,N.data
3769,3769,worst,7100796,3768,N.data
3771,10,best.heuristic,11274,9,10
3771,10,worst,37655,3770,10
3771,3771,best.heuristic,41157,12,N.data
3771,3771,worst,7108335,3770,N.data
3772,10,best.heuristic,11278,9,10
3772,10,worst,37665,3771,10
3772,3772,best.heuristic,41169,12,N.data
3772,3772,worst,7112106,3771,N.data
3773,10,best.heuristic,11280,9,10
3773,10,worst,37675,3772,10
3773,3773,best.heuristic,41181,12,N.data
3773,3773,worst,7115878,3772,N.data
3774,10,best.heuristic,11283,9,10
3774,10,worst,37685,3773,10
3774,3774,best.heuristic,41193,12,N.data
3774,3774,worst,7119651,3773,N.data
3775,10,best.heuristic,11285,9,10
3775,10,worst,37695,3774,10
3775,3775,best.heuristic,41205,12,N.data
3775,3775,worst,7123425,3774,N.data
3859,10,best.heuristic,11540,9,10
3859,10,worst,38535,3858,10
3859,3859,best.heuristic,42213,12,N.data
3859,3859,worst,7444011,3858,N.data
3862,10,best.heuristic,11549,9,10
3862,10,worst,38565,3861,10
3862,3862,best.heuristic,42249,12,N.data
3862,3862,worst,7455591,3861,N.data
3863,10,best.heuristic,11551,9,10
3863,10,worst,38575,3862,10
3863,3863,best.heuristic,42261,12,N.data
3863,3863,worst,7459453,3862,N.data
3864,10,best.heuristic,11556,9,10
3864,10,worst,38585,3863,10
3864,3864,best.heuristic,42273,12,N.data
3864,3864,worst,7463316,3863,N.data
3865,10,best.heuristic,11558,9,10
3865,10,worst,38595,3864,10
3865,3865,best.heuristic,42285,12,N.data
3865,3865,worst,7467180,3864,N.data
3866,10,best.heuristic,11561,9,10
3866,10,worst,38605,3865,10
3866,3866,best.heuristic,42297,12,N.data
3866,3866,worst,7471045,3865,N.data
3867,10,best.heuristic,11563,9,10
3867,10,worst,38615,3866,10
3867,3867,best.heuristic,42309,12,N.data
3867,3867,worst,7474911,3866,N.data
3868,10,best.heuristic,11567,9,10
3868,10,worst,38625,3867,10
3868,3868,best.heuristic,42321,12,N.data
3868,3868,worst,7478778,3867,N.data
3869,10,best.heuristic,11569,9,10
3869,10,worst,38635,3868,10
3869,3869,best.heuristic,42333,12,N.data
3869,3869,worst,7482646,3868,N.data
4174,10,best.heuristic,12483,9,10
4174,10,worst,41685,4173,10
4174,4174,best.heuristic,46071,13,N.data
4174,4174,worst,8709051,4173,N.data
4175,10,best.heuristic,12485,9,10
4175,10,worst,41695,4174,10
4175,4175,best.heuristic,46084,13,N.data
4175,4175,worst,8713225,4174,N.data
4178,10,best.heuristic,12496,9,10
4178,10,worst,41725,4177,10
4178,4178,best.heuristic,46123,13,N.data
4178,4178,worst,8725753,4177,N.data
4179,10,best.heuristic,12498,9,10
4179,10,worst,41735,4178,10
4179,4179,best.heuristic,46136,13,N.data
4179,4179,worst,8729931,4178,N.data
4180,10,best.heuristic,12502,9,10
4180,10,worst,41745,4179,10
4180,4180,best.heuristic,46149,13,N.data
4180,4180,worst,8734110,4179,N.data
4181,10,best.heuristic,12504,9,10
4181,10,worst,41755,4180,10
4181,4181,best.heuristic,46162,13,N.data
4181,4181,worst,8738290,4180,N.data
4182,10,best.heuristic,12507,9,10
4182,10,worst,41765,4181,10
4182,4182,best.heuristic,46175,13,N.data
4182,4182,worst,8742471,4181,N.data
4183,10,best.heuristic,12509,9,10
4183,10,worst,41775,4182,10
4183,4183,best.heuristic,46188,13,N.data
4183,4183,worst,8746653,4182,N.data
4184,10,best.heuristic,12514,9,10
4184,10,worst,41785,4183,10
4184,4184,best.heuristic,46201,13,N.data
4184,4184,worst,8750836,4183,N.data
4421,10,best.heuristic,13224,9,10
4421,10,worst,44155,4420,10
4421,4421,best.heuristic,49282,13,N.data
4421,4421,worst,9770410,4420,N.data
4422,10,best.heuristic,13227,9,10
4422,10,worst,44165,4421,10
4422,4422,best.heuristic,49295,13,N.data
4422,4422,worst,9774831,4421,N.data
4423,10,best.heuristic,13229,9,10
4423,10,worst,44175,4422,10
4423,4423,best.heuristic,49308,13,N.data
4423,4423,worst,9779253,4422,N.data
4424,10,best.heuristic,13234,9,10
4424,10,worst,44185,4423,10
4424,4424,best.heuristic,49321,13,N.data
4424,4424,worst,9783676,4423,N.data
4425,10,best.heuristic,13236,9,10
4425,10,worst,44195,4424,10
4425,4425,best.heuristic,49334,13,N.data
4425,4425,worst,9788100,4424,N.data
4427,10,best.heuristic,13241,9,10
4427,10,worst,44215,4426,10
4427,4427,best.heuristic,49360,13,N.data
4427,4427,worst,9796951,4426,N.data
4428,10,best.heuristic,13245,9,10
4428,10,worst,44225,4427,10
4428,4428,best.heuristic,49373,13,N.data
4428,4428,worst,9801378,4427,N.data
4429,10,best.heuristic,13247,9,10
4429,10,worst,44235,4428,10
4429,4429,best.heuristic,49386,13,N.data
4429,4429,worst,9805806,4428,N.data
4663,10,best.heuristic,13947,9,10
4663,10,worst,46575,4662,10
4663,4663,best.heuristic,52428,13,N.data
4663,4663,worst,10869453,4662,N.data
4666,10,best.heuristic,13957,9,10
4666,10,worst,46605,4665,10
4666,4666,best.heuristic,52467,13,N.data
4666,4666,worst,10883445,4665,N.data
4667,10,best.heuristic,13959,9,10
4667,10,worst,46615,4666,10
4667,4667,best.heuristic,52480,13,N.data
4667,4667,worst,10888111,4666,N.data
4669,10,best.heuristic,13965,9,10
4669,10,worst,46635,4668,10
4669,4669,best.heuristic,52506,13,N.data
4669,4669,worst,10897446,4668,N.data
4670,10,best.heuristic,13968,9,10
4670,10,worst,46645,4669,10
4670,4670,best.heuristic,52519,13,N.data
4670,4670,worst,10902115,4669,N.data
4671,10,best.heuristic,13970,9,10
4671,10,worst,46655,4670,10
4671,4671,best.heuristic,52532,13,N.data
4671,4671,worst,10906785,4670,N.data
4672,10,best.heuristic,13978,9,10
4672,10,worst,46665,4671,10
4672,4672,best.heuristic,52545,13,N.data
4672,4672,worst,10911456,4671,N.data
4673,10,best.heuristic,13980,9,10
4673,10,worst,46675,4672,10
4673,4673,best.heuristic,52558,13,N.data
4673,4673,worst,10916128,4672,N.data
4674,10,best.heuristic,13983,9,10
4674,10,worst,46685,4673,10
4674,4674,best.heuristic,52571,13,N.data
4674,4674,worst,10920801,4673,N.data
4848,10,best.heuristic,14503,9,10
4848,10,worst,48425,4847,10
4848,4848,best.heuristic,54833,13,N.data
4848,4848,worst,11749128,4847,N.data
4849,10,best.heuristic,14505,9,10
4849,10,worst,48435,4848,10
4849,4849,best.heuristic,54846,13,N.data
4849,4849,worst,11753976,4848,N.data
4850,10,best.heuristic,14508,9,10
4850,10,worst,48445,4849,10
4850,4850,best.heuristic,54859,13,N.data
4850,4850,worst,11758825,4849,N.data
4851,10,best.heuristic,14510,9,10
4851,10,worst,48455,4850,10
4851,4851,best.heuristic,54872,13,N.data
4851,4851,worst,11763675,4850,N.data
4852,10,best.heuristic,14514,9,10
4852,10,worst,48465,4851,10
4852,4852,best.heuristic,54885,13,N.data
4852,4852,worst,11768526,4851,N.data
4854,10,best.heuristic,14519,9,10
4854,10,worst,48485,4853,10
4854,4854,best.heuristic,54911,13,N.data
4854,4854,worst,11778231,4853,N.data
4855,10,best.heuristic,14521,9,10
4855,10,worst,48495,4854,10
4855,4855,best.heuristic,54924,13,N.data
4855,4855,worst,11783085,4854,N.data
4858,10,best.heuristic,14531,9,10
4858,10,worst,48525,4857,10
4858,4858,best.heuristic,54963,13,N.data
4858,4858,worst,11797653,4857,N.data
5608,10,best.heuristic,16780,9,10
5608,10,worst,56025,5607,10
5608,5608,best.heuristic,64713,13,N.data
5608,5608,worst,15722028,5607,N.data
5609,10,best.heuristic,16782,9,10
5609,10,worst,56035,5608,10
5609,5609,best.heuristic,64726,13,N.data
5609,5609,worst,15727636,5608,N.data
5611,10,best.heuristic,16787,9,10
5611,10,worst,56055,5610,10
5611,5611,best.heuristic,64752,13,N.data
5611,5611,worst,15738855,5610,N.data
5612,10,best.heuristic,16791,9,10
5612,10,worst,56065,5611,10
5612,5612,best.heuristic,64765,13,N.data
5612,5612,worst,15744466,5611,N.data
5613,10,best.heuristic,16793,9,10
5613,10,worst,56075,5612,10
5613,5613,best.heuristic,64778,13,N.data
5613,5613,worst,15750078,5612,N.data
5614,10,best.heuristic,16796,9,10
5614,10,worst,56085,5613,10
5614,5614,best.heuristic,64791,13,N.data
5614,5614,worst,15755691,5613,N.data
5617,10,best.heuristic,16806,9,10
5617,10,worst,56115,5616,10
5617,5617,best.heuristic,64830,13,N.data
5617,5617,worst,15772536,5616,N.data
5618,10,best.heuristic,16809,9,10
5618,10,worst,56125,5617,10
5618,5618,best.heuristic,64843,13,N.data
5618,5618,worst,15778153,5617,N.data
5619,10,best.heuristic,16811,9,10
5619,10,worst,56135,5618,10
5619,5619,best.heuristic,64856,13,N.data
5619,5619,worst,15783771,5618,N.data
5926,10,best.heuristic,17733,9,10
5926,10,worst,59205,5925,10
5926,5926,best.heuristic,68847,13,N.data
5926,5926,worst,17555775,5925,N.data
5928,10,best.heuristic,17740,9,10
5928,10,worst,59225,5927,10
5928,5928,best.heuristic,68873,13,N.data
5928,5928,worst,17567628,5927,N.data
5929,10,best.heuristic,17742,9,10
5929,10,worst,59235,5928,10
5929,5929,best.heuristic,68886,13,N.data
5929,5929,worst,17573556,5928,N.data
5930,10,best.heuristic,17745,9,10
5930,10,worst,59245,5929,10
5930,5930,best.heuristic,68899,13,N.data
5930,5930,worst,17579485,5929,N.data
5931,10,best.heuristic,17747,9,10
5931,10,worst,59255,5930,10
5931,5931,best.heuristic,68912,13,N.data
5931,5931,worst,17585415,5930,N.data
5932,10,best.heuristic,17751,9,10
5932,10,worst,59265,5931,10
5932,5932,best.heuristic,68925,13,N.data
5932,5932,worst,17591346,5931,N.data
5933,10,best.heuristic,17753,9,10
5933,10,worst,59275,5932,10
5933,5933,best.heuristic,68938,13,N.data
5933,5933,worst,17597278,5932,N.data
5934,10,best.heuristic,17756,9,10
5934,10,worst,59285,5933,10
5934,5934,best.heuristic,68951,13,N.data
5934,5934,worst,17603211,5933,N.data
5936,10,best.heuristic,17764,9,10
5936,10,worst,59305,5935,10
5936,5936,best.heuristic,68977,13,N.data
5936,5936,worst,17615080,5935,N.data
